# Resource object code (Python 3)
# Created by: object code
# Created by: The Resource Compiler for Qt version 6.11.0
# WARNING! All changes made in this file will be lost!

from PySide6 import QtCore

qt_resource_data = b"\
\x00\x00F}\
\x89\
PNG\x0d\x0a\x1a\x0a\x00\x00\x00\x0dIHDR\x00\
\x00\x02\x00\x00\x00\x02\x00\x08\x06\x00\x00\x00\xf4x\xd4\xfa\
\x00\x00\x00\x09pHYs\x00\x01:\xf5\x00\x01:\xf5\
\x01\x97\x08vW\x00\x00\x00\x19tEXtSof\
tware\x00www.inksca\
pe.org\x9b\xee<\x1a\x00\x00 \x00ID\
ATx\x9c\xec\xddy\x98\x1c\x05\x9d\xff\xf1\xcf\xb7\xba\
\xe7\xc8\x01\x09\x84\x10L:]\xd5]\x1d\x02\x8eFa\
T0\x1c\xa2\xa8\xdc\x8a\x07\xe0\x81\xa0\x22\xac?\x15\xf1\
\x16\x8fE\xd0UYq]@VV<V\xf1\xc2\x80\
\xe0\x8a\x88\xc8)\xa7\xc8\xc6#8JB\x1fU\x9dI\
$$C\x12\xc8$st\xd7\xf7\xf7G\x06\x0d0I\
\xe6\xfeVu\x7f^\xcf\xe3\xe3\x83+S\xef\x95\xc9\xf4\
g\xaa\xab\xab\x00\x22\x22\x22\x22\x22\x22\x22\x22\x22\x22\x22\
\x22\x22\x22\x22\x22\x22\x22\x22\x22\x22\x22\x22\x22\x22\x22\x22\
\x22\x22\x22\x22\x22\x22\x22\x22\x22\x22\x22\x22\x22\x22\x22\x22\
\x22\x22\x22\x22\x22\x22\x22\x22\x22\x22\x22\x22\x22\x22\x22\x22\
\x22\x22\x22\x22\x22\x22\x22\x22\x22\x22\x22\x22\x22\x22\x22\x22\
\x22\x22\x22\x22\x22\x22\x22\x22\x22\x22\x22\x22\x22\x22\x22\x22\
\x22\x22\x22\x22\x22\x22\x22\x22\x22\x22\x22\x22\x22\x22\x22\x22\
\x22\x22\x22\x22\x22\x22\x22\x22\x22\x22\x22\x22\x22\x22\x22\x22\
\x22\x22\x22\x22\x22\x22\x22\x22\x22\x22\x22\x22\x22\x22\x22\x22\
\x22\x22\x22\x22\x22\x22\x22\x22\x22\x22\x22\x22\x22\x22\x22\x22\
\x22\x22\x22\x22\x22\x22\x22\x22\x22\x22\x22\x22\x22\x22\x22\x22\
\x22\x22\x22\x22\x22\x22\x22\x22\x22\x22\x22\x22\x22\x22\x22\x22\
\x22\x22\x22\x1a\x0b\xb1\x0eH8\xf1\xb3\xd9\xa5\x109F\
D\x0eU\xc5b\x05\xe6\x080\x03\xc0F\x00k!\xe8\
\x12\xd5\xbb\xa3T\xea\xc6r\xb9\x5c\xb5\x0e\xa6d+\x14\
\x0as10\xb0o\x84\xf4\xf3 \xf5}\x1d`/\x85\
\xb3\x97\x02{9\xd0\xbd\x14\xd8\x0b\xd0\x99\x80\xcc\x00\xa4\
\x15\xd0\xbd\x00m\xdd\xfe\xd7\xff0\x03@\xeb\xd3\x7f\xa1\
@\xaf\x00\x03C\x7f\xb9q\xe8\xdf\x07\x01\xd9\x02\x00\x10\
\xdd\x0a\xd5~\x81\xb3YU\xd7C\xa4GD{4\x92\
\x1e\x95\xa8'%\xb2!\xaa\xa5z\xb4U\xd7\x97\xcb\xe5\
\xcdS\xf2?\x04\x11\x8d\x1b\x07\xc0\x18x\x9e\xd7\x9eR\
y\x0f\x10\x9d\x07Ha\x84\x7f[\xa4\x8a\xdbD\xf4\xe2\
R\x18\xde9\xa9\x81\x94T\x8e\xef\xfb\x0b\xa4^\xcfG\
\xaa\xbe\xc0\xc9\x03\x9a\x07\x90\x034\x03\xc8\xbe\xd8\xe1\x85\
;\x9e\xb4\x06\xc8\xe3\x80T\x04\x08\x14QE\x80 R\
\x0d\x1c\xd5`\xd6\xbe\xfbV\x97/_>h]ID\
\x1c\x00\xa3\xe6{\xde\xb1\xaa\xf8\x86\x00\xb9\xb1~\x0d\x15\
\xdc\xe8\x0c\xa6\xdfW\x5cS\xec\x9e\xc86J\x86\xc2\x82\
B&J\x0f\xbe\xc8\x11\xd9_U\xf3\x80\xe4\x01\xf8\x00\
<\x00m\xb6u\x93\xae\x0e`\x8d*\x02\x01\xca\x10\xf9\
\xab8\xf8\xf3`\x14=\x1c\x86\xe1\xdf\xad\xe3\x88\x9a\x09\
\x07\xc0\xc8I>\xeb}B\x04_\x02\xe0\x8c\xff\xcb\xe9\
\x06\x11ys1\x08~;\xfe\xafE1\x95\xda?\x9b\
u#\xa4:\xe0h'T;\x15\xf2\x12\x00\xfbY\x87\
\xc5\xd4&@\xba \xda\xa5\x11\xfe\x0a8\xcbg\xf6\xf7\
\xfeq\xc5\xbau\xbd\xd6aD\x8d\x88\x03`\x04:;\
;[6m\xe8\xf9>\x80\xb7N\xf0\x97\xeeW\xe8Y\
\xe50\xfc\xd1\x04\x7f]\x9az\xa9\x82\xeb.Q\x91\x97\
!\xc2A*x\xb1\x00/\x040\xdd:,\xe1\xea\x02\
<\xaa\x82\xdf#\x92\xfb\x04\xf5\xfb\x8a\xd5\xea\xdf\x00D\
\xd6aDI\xc7\x010\x02~\xd6\xbb\x12\x82\xf7N\xd2\
\x97\xaf+\xf4u\xe50\xfc\xd5$}}\x9a\x1c)?\
\x9b}\xb1\xc29\x5c\x1c\x1c&\x8a\xa3\x15\xd8\xdb:\xaa\
I<\x05\xe8\x83\x22r_\x149\xf7\xf6\xd5\xfa\xee_\
\xbbv\xedV\xeb(\xa2\xa4\xe1\x00\xd8\x0d\xdf\xcd}\x00\
\xd0\xafO\xf2a6j\xca9\xb4\x5c.\xaf\x9a\xe4\xe3\
\xd0\x18\x15\x0a\x85\xb6z\x7f\xfde\x8e\x83W\x88\xe8\x91\
\x91b\xe9\xd0\xa7=\xc8\xde \x80\xe5\x0a<\x00\xe8\xed\
}\x83\x83wr\x10\x10\xed\x1e\x07\xc0.\xe4r\xb9%\
N\x14-\x07$=\xd9\xc7\x12\xc5\xef\x8b\xd5\xe0P\x00\
:\xd9\xc7\xa2\x91Y\xe4\xba\x07F*'Ap\x1c\x80\
C\x01\xb4[7\xd1\x88\xf4\xa9\xe2n8\xb8YEn\
\xaeT*+\xad\x83\x88\xe2\x88\x03`\x17\xf2Y\xef\xb7\
\x228r\xca\x0e(xK)\x08~:e\xc7\xa3g\
8\x0aH\xafv\xdd#\x15r\xa2\x00\xaf\xc3\xf6+\xf3\
)\xe1\x14\xa88\xc0\xaf\xa1r\xf3\xf4\xfe\xadw\xf0\xa2\
B\xa2\xed8\x00v\xa2\xe0y\xafP\xc5]S|\xd8\
\xf2\xec}\xe6\x1c\xc0\xcfIO\x9dl6\xbbW\xdaq\
\x8e\x15\xc5\xeb\x00\x1c\x0b`\xb6u\x13M\xaa~@\xef\
Q\x91\xeb%\x95\xfaY\xa9Tz\xdc:\x88\xc8\x0a\x07\
\xc0N\xf8Y\xef\x1a\x08N\x9b\xf2\x03\x0b\xdeP\x0a\x82\
\x9fO\xf9q\x9b\x88\xef\xfb\xfbb0:\x0d\xa2o\x04\
\xf4\xf0\xa9x\x8b\x87b\xa9\x0e\xe8\x9dPgYK}\
\xe0\xfaG\xd6\xac\xe9\xb1\x0e\x22\x9aJ\x1c\x00\xc3\xc8d\
2\xd3\xdaR\xe9\x1e\x00\xd3\x0c\x0e\x7fM)\x0c&\xfa\
\xe3\x86Mo\xfe\xfc\xf9\xd3\xdb[[_/*o\x07\
\xa2c\xf8\xa2O\xcf2\x08\xe0v\x15,\xabE\xd1\xcf\
\xab\xd5\xea\xc6\xdd\xfe\x1dD\x09\xc7\x010\x8c|6{\
\xb4\x88s\x9b\xd1\xe1\x1f/\x85\xc1~\xe0\xc5\x80\x13!\
\x95\xcb\xe6^\xe58z:\x14o\x00\xb0\x87u\x10%\
\xc2\x80@\x7f\x13\x01\xd7\x0c\xd4\xeb\xd7wwwo\xb3\
\x0e\x22\x9a\x0c\x1c\x00\xc3\xf0\xdd\xdc\xc7\x00\xbd\xc4\xea\xf8\
\xa9z-\xb3\xaa\xbb{\x8d\xd5\xf1\x93\xae\x90\xcdv\xc0\
qNQ\xc5\x99\xd8~{]\xa2\xb1\xda\x0c\xc1OE\
\xf5\xbf\x8ba\xf8G\xeb\x18\xa2\x89\xc4\xd3\xa0\xc3P \
g\xb9\x8c\xb4\xa5\xc5\x07\xc0\x010\x0aK\xe6\xcd\x9b\xd1\
;m\xda\xe9P\xbcO\x81%<\x7fB\x13d\x16\x14\
\xe7(\xe4\x9c\xbc\xeb=\xe8@\xbf\xd5\xb6u\xe6O\xbb\
\xd6wm\xb1\x0e#\x1a/\x0e\x80a8\xc0,\xcb\xd7\
\x0f\xadc\x96\xe1\xe1\x13\xc5\xcf\xf8\x05I\xd7\xdf\xb3U\
q6\x94w\xe2\xa3\xc9#\xc0!\x0a9\xa4oz\xef\
\x7f\xfa\xae\xfbs\xd5\xd4\xd5\xe5j\xd9\xea\xadB\xa2q\
\xe3\x00\x18\x86\x8a\xb6\x1a\xff\x06\xc9\x1b\xce\xec\x9a\x93\xcf\
\xe6\x8f\x17D\x1f\x80\xd4_\xa3:\x11\x0fg\x22\x1a\xb1\
=\x00y\x87H\xf4\x0e\xdf\xf5\xfe\xa8\x82\xaf;\xe9\xf4\
\x8f\x8b\xc5b\xbfu\x18\xd1hp\x00Pb\xe4\xf3\xf9\
Y\xa8E\xef\x14\xc1\x07\x81(o\xddC\x04\xe0 Q\
|W\x07k\x17\x17<\xef\xca\xf4\xe0\xe0\xd7\xf9qB\
J\x0a\xfe\xe6D\xb1WX\xb8\xd0\xf7=\xef\x9bR\x8f\
\xfe.\x82K\x01\xf0\xc5\x9f\xe2f_U|n \xdd\
\x12\xfa\xae{\xf9\xfe\xd9,\xbfG)\xf68\x00(\xb6\
\x0a\xd9\xec\xf3}\xd7\xbdZ\x1d\xe7\x11(\xce\x81\xcd}\
\x19\x88Fl\xfb\x03\xa2\xe4\xdc\xba8\x8f\x16\x5c\xf7F\
\xdfu\x97Z7\x11\xed\x0c\x07\x00\xc5N\xc1u\x0f\xf6\
]\xefg*\xce\xc3\x80\xbc\x837\xed\xa1\x04r\x14r\
\x22 \xf7\xf9\xae{O\xdeu\x8f\xb7\x0e\x22z6\x0e\
\x00\x8a\x0d\xdfu\x97\x16\x5c\xf7F\x85\xfc\x1f\x807\x82\
\xdf\x9f\xd4\x10\xe4p\x81\xdc\xe4\xbb\xde\x03\x85l\xee$\
\xeb\x1a\xa2\xa7\xf1\x07,\x99\xcbg\xf3\x87\x17\x5c\xf7F\
@\xee\xdb\xfe[\x13oPE\x0d\xe9P\x15\xfd\x85\xef\
\xe6\xee\xf5]\xf7U\xd61D\x1c\x00d&\xbf0\xff\
\x12\xdf\xf5\xee\x14\x89\xee\x19z\xe1'j\x02z\x18 \
\xb7\xfbn\xee\xdeE\xb9\xdc\xd4=n\x9c\xe8Y8\x00\
h\xca\xe5\xf3\xf9\xac\xefy\xdf\x14'z\x10\xc0Q\xd6\
=D6\xf4\xb0(\xd2\xdf\xfa\xae{\xab\x9f\xcdvZ\
\xd7P\xf3\xe1\x00\xa0)\x93\xc9d\xf6\xce\xbb\xde\xd7\xa4\
\x1e=:tU?\xbf\xff\x88 \xaf\x868\x0f\xf9\xae\
\xf7c\xdf\xf7\x17Z\xd7P\xf3\xe0\x0f`\x9at\x1d\x1d\
\x1d\xad\xf9\xacw^[*]\x12\xe0\xc3\x00Z\xad\x9b\
\x88bF\x00\xbc\x15\xb5\xfa\xca\x82\xe7]\xdc1\xb7c\
\xa6u\x105>\x0e\x00\x9aLR\xc8\xe6N\xe9\xdb\xd2\
\xfb\xb7\xa1\x1b\xf8\xcc\xb6\x0e\x22\x8a\xb9i\xaa\xf8d\xdf\
\xf4\xdeG\xfcl\xee\x0c\xf0\x82X\x9aD\x1c\x004)\
\xb6_\xe0\xe7\xfe^E\x97\x81w\xee#\x1a\xad\x05\x10\
\xfd\xbe\xef\xe6\xee\xc9/\xcc\xbf\xc4:\x86\x1a\x13\x07\x00\
M\xa8|>?\xcb\xf7\xbc\xcb\xc4\x89~\x07\x08\x7fp\
\x11\x8d\x8b\x1e&N\xf4{\xdf\xf3\x96\xe5\xf3\xf9\xacu\
\x0d5\x16\x0e\x00\x9a0\x85l\xeeT\xa9G\x7f\x83\xe2\
\x83\x00R\xd6=D\x0dB\xa08E\xea\xd1_\xfcl\
\xee\x5c\xf0\xe76M\x10~#\xd1\xb8\xed\x9f\xcd\xe6}\
\xd7\xfb\x95\x8a\xfe\x14\xc0\xf3\xac{\x88\x1a\xd4\x1e\x10\xbd\
\xdcw\xbd{\x0b\xd9l\x87u\x0c%\x1f\xef\xb1Nc\
\xd6\xd1\xd1\xd1\xda\xb7e\xcb\xc7\xeb\x90\xcf\x80\x0f\xea\x99\
J\xfd\x00\xd6@\xb0\x06\x8a\xf5\x10l\x80\xca\x06A\xd4\
\xa3\x22=\x006k\xe4l\xd1\x94>)\x83\xb2-\xed\
\xd4z\x9dz}\xf3\xd6T*\x02\x80=\xb6\xed1\xd8\
\xb5\xbek\xcb\xd3_l\xc9\xbcy36\xb5\xb5\xb5\x02\
@;\xb0\x17\x00\x0c8Nk*\x8af\x00\x00Df\
Ad\xae\xa8\xceQ8s :GU\xe7\x08d\x1f\
\x08\xe6@1\x17\xc0~\xdb\xffv\x9a\x02/Wq\xfe\
P\xf0\xbc/\xb7\xcd\x98\xf1\xa5\xae\xae\xae\x01\xeb J\
&\x0e\x00\x1a\x93\x82\xe7\xbd\xa2oK\xef\x95\x80\x1ch\
\xdd\xd2\x80\xfa\x00T\x04ZR\x91\x12\x22\x94\x15NY\
S\xba\xdaq\x9c\xbf\x97J\xa5\xc7'\xf2`+\xd6\xad\
\xeb\x05\xd0;\xf4\x97\x1b\xc7\xf8ed\xf1\xc2\x85\xcf\xab\
9\x8e\xa7@N\x00\x0f\x80\x0789@=\x00Y\x00\
-\xe3\x8e\xa5\xa7\xb5\xaa\xe2s}[zO\xf1]\xf7\
\xecR\x18\xdeo\x1dD\xc9\xc3\x01@\xa3\x92\xc9d\xa6\
\xb5\xa5\xd3\x17\xab\xe2\x5c\xf0#J\xe3\xd5\x07\xe0\xaf\x0a\
\xfd+T\xfe\xe2@\xfe\xea\xa0\xde\xb5\xaaZ\xad\x00P\
\xeb\xb8Q\xd2\x95\xabW\xaf\x05\xb0\x16\xc0p/F\xa9\
\x5c.WH\xd5\xb1D%Z\x02\x91%\xaax\xa1\x00\
\xb9)\xeel4\xcf\x07\xe4\x1e\xdfu\xbf\x91no\xff\
\xf4\xca\x95+\x9f\xb2\x0e\xa2\xe4\xe0\x00\xa0\x11\xf3\xb3\xd9\
N\x88\xf3\x03(\xf8[\xff\xe8\xf5)\xf0g@\x96;\
\x88\xfe \x22\xcb\xf7\x9c3\xa7k\xf9\xf2\xe5\x83\xd6a\
S\xa4^\xa9TV\x02X\x09\xe0\xda\xa7\xff\xc3B\xa1\
\xb0\xa7\x0e\x0c\xbcP\x1d\xe7\x85\x02\x1c\x04\xd5\xa5\x80<\
\x1f\xbc>i4\x1c@>P\xdb\xd6\xff\xfa\x82\xe7\x9d\
]\x0c\x82[\xac\x83(\x198\x00h$R\xf9\xac\xf7\
1\x08>\x0f\xde\xc5o\xa46\x03\xfa\x90\x88\xdc\x17E\
\xce\xbd\x91\x13\xdd\x1b\x04A\xdf3\xfe\x1bA`S\x16\
#\xc5b\xf1I\x00\xf7\x0d\xfd\x0b\x00\xb0x\xf1\xe2=\
\x06\xb7\x0d\x1e\xe28\xd1\xe1P\xedT\xc8\x11\x00f\x99\
E&\x85`\xa1*n\xf6=\xef[\xdb\x06\x06>\xbc\
v\xed\xda\xad\xd6I\x14o\x1c\x00\xb4K~\xc6/ \
U\xbf\x1a\xc0\xcb\xad[b\xaeG wE\xa2\xb7G\
\xc0\x9dA\x10<b\x1d\x94TC\xa7\xb1o\x1b\xfa\x17\
:;;[\x9e\xec\xe99X\x81\xa5\xaar4\xa0\xaf\
\x040\xdd42\xbe\x04\x8as\xa6\xb5\xb6\xbe<\x9f\xc9\
\xbf\xbd\xdc]~\xd8:\x88\xe2\x8b\xef\xe1\x0e\xc3\xf7\xbc\
eP\x9cbu|Q9\xb5X\xad\x5c\xbb\xfb\xff\xe6\
\xe4f\xf8\xd9\xdc\xd9\x90\xe8?\x00\xe1}\xc9\x9fCk\
\x80\xdc\x0b\xc5\xcd\x22z[1\x0c\xff\x04 \xb2\xaej\
\x06\x9e\xe7\xb5\xa7E\x8e\x8c\x22=\xd6\x01\x8eS\xe0\x00\
\xeb\xa6\x98\xeaS\xc5\xf9\xe5jp9\x92wM\x09M\
\x01\x0e\x80a4\xfb\x00\xf0<o\xbf\x94\xca\xb7\x01=\
\xc1\xaa!\x9et\x03\x80\x9b!rS\x1d\xb8%\x08\x82\
M\xd6E\x04x\x9e\xe79\xc0q\x02\x1c\xab\x8a\xa3\x05\
\x98a\xdd\x143\xbf\xae\x0b\xde\x15\x04\xc1c\xd6!\x14\
/|\x0b\x80\x9e\xc1w\xddWA\xf1\x13@\xf7\xb5n\
\x89\x89\xbf+\xe4\x06At])\x0c\xef\x06P\xb7\x0e\
\xa2g\x0a\x82 \x00p%\x80+3\x99\xcc\xb4v\xa7\
\xe5\x84H\xa2\xd3\x04r<\xf8V\x01\x00\x1c\x9bR\xac\
(dsg\x15\xab\x95\x1b\xadc(>8\x00\xe8i\
R\xf0\xbc\xf3U\xf1\x05\xf06\xbe\x8fA\xf0S\x8d\x9c\
\xeb\xca\xd5\xf2\xfd\xe0\xa9\xfd\xc4\xe8\xee\xee\xde\x06\xe0:\
\x00\xd7-\x997oF\xef\xb4i'Aq\x1a\x80c\
\xd1\xdc7*\x9a\xab\xa2\xff\xeb\xbb\xee\x15\xed3g~\
\x8c7\x0f\x22\x80\x03\x80\x00x\x9e7\xdb\x01\xaeV\xc5\
I\xd6-\x86\xb6\x0a\xe4\x06E\xf4\xa3R\x18\xfe\x06\xfc\
M?\xf1\x86npt\x0d\x80k\x0a\x85\xc2\x9e\x18\xa8\
\xbfN\x05o\x01\xf4X4\xe7\xc8\x15@\xce\xed\xdb\xd2\
\xdb\xb9x\xe1\xc2S\x86\xee\xdb@M\x8c\x03\xa0\xc9\x15\
\x5c\xf7 U\x5c\x87\xa6}d\xaf\xde\x0b\x91o\xb7\xf7\
\xce\xf8\xd9\x8e\xb7\xc7\xa5\xc62\xf4q\xc3\x1f\x02\xf8a\
aA!\x13\xa5j\xef\x16\xc1\xbb\x01\xb8\xc6i\x16\x96\
\xd6\x9c\xd4\xf2\xdc\xc2\xdc\xa9\x95\xd5\x95{\xacc\xc8\x0e\
o\xb6\xd1\xc4\xfcl\xee\x0c\x85\xdc\x8b\xe6{\xf1\xdf\x04\
\xc1U\x91#/*\x85\xe1\x11\xa5 \xf8>_\xfc\x9b\
GqM\xb1\xbb\x5c\x0d>_\x0a\x83\xbc\xaa\xf3\x1a\x08\
\xae\x05\xd0,7dz\xda~\x8e\x13\xdd\x91\xcfz\x9f\
\xb4\x0e!;<\x03\xd0\x84<\xcfkwT\xae\x00\xf4\
,\xeb\x96)\xf6\x80\x0a\xbe\xee\xa4\xd3\xd7\x17\x8b\xc5~\
\xeb\x182\x17\x95\xab\xe5\xdb\x00\xdc\xe6y\xde~\x0e\xf0\
NQ\xbc\x07\x80o\x1d65$-\x82\x8b\x0b\xae\xb7\
d\xeb\xe0\xc0\xd9\xbcqP\xf3\xe1\xc7\x00\x87\xd1\xc8\x1f\
\x03\xf4<\xcfK)\xae\x07p\xd0d|\xfd\x18\xea\x07\
t\x99F\xa9\xaf\x97W\x97\x1f\xb2\x8e\xa1\xd8s\xf2\xae\
{\xb2@>\x0a`\xa9u\xcc\x14Z!Q\xfd\x8d\xc5\
\xd5\xabK\xd6!4u\xf8\x16@\x13\xc9\xe5r/K\
)~\x87&x\xf1\x17\xe0\x09@\xbf\x109\xe2\x96\xc2\
\xf0\x0c\xbe\xf8\xd3\x08E\xe50\xbc\xbe\x14\x06\x87\x09t\
)\x80\xeb\xd1\x1c\x9f\x02Y\xa2N\xea\xa1\x82\xe7\x1dc\
\x1dBS\x87\x03\xa0I\xf8\xae\xfb\x06'\xd2;\x01\xcc\
\xb3n\x99d\x8f\x89\xe0\xa2(\xe5\xe4KaxA\xa5\
RYg\x1dD\xc9T\x0c\xc3\x07Ja\xf0\xa6\x94F\
\x8b \xb8\x5c\xff\xf9\xc8\xe4F\xb5\x97*n*\xb8\xee\
\xfb\xacChjp\x004\x01\xdf\xcd}\x0c\x90\xeb\xd0\
\xd87EY\x09\x953g\xef3'[\x0c\x82\x0b\xcb\
\xe5\xf2f\xeb j\x0c\xab\xaa\xd5r)\x08\xcek\xad\
\x0d\xba\xb2\xfd\x81XOZ7M\xa2\x94B\xfe\xab\xe0\
y\x17\x83o\x117<\x0e\x80\xc6\x96\xca\xbb\xb9+\x00\
\xbd\x04\x8d\xfb\xcf:\x80\xca\xbf,\x0c\x83\x17\x94\xaa\x95\
\xab\x9b\xe8\xf1\xba4\xc5\x1eY\xb3\xa6\xa7\x18\x04\x9f\xeb\
\xaf\xd7r\x22\xb8\x08\x0d<\x04T\xf1\xc9\x82\x9b\xbb6\
\x93\xc9L\xb3n\xa1\xc9\xd3\xa8/\x0aMo\xf1\xe2\xc5\
{\xf8\xae\xf7K\x81\xbe\xdf\xbae\x92\x94 x\xe7\xc2\
0XT\xaaV\xae\xba\x0b\xa8Y\x07Qs\xe8\xee\xee\
~\xa2\x18\x04\x17\x22\x9dZ\xa4\xc0\x7f\x02\xd8f\xdd4\
\x19\x14\xfa\xa6\xb6T\xfa\xb6\xfd\xe7\xef\xbf\x8fu\x0bM\
\x0e\x0e\x80\x06\xb4x\xe1\xc2\xf9\xb5\xbe\xfe\xdfb\xfb\xed\
O\x1b\x8cnP\xc5\xf9\xd2\x92\xee(\x05\xc1\xf7\xef\xe2\
\x0b?\x19)\x95J\x8f\x97\xc3\xe0#H\xa7<\x11\xfc\
;\x80>\xeb\xa6I\xb0\xb4\xde2\xf0\xa0\xe7y|\xe2\
b\x03\xe2\x00h0\x05\xd7=\xa8\xe6\xa4\x1eB\xe3]\
\xe9\xff\x94*>\xd7\xbeuf\xae\x5c\x0d\xfe\x9d\x9f\xe3\
\xa7\xb8(\x95J\x8f\x17\x83\xe0|M9\x8b\x01\xfc\x04\
\x8d\xf7\xe8\xdd|Jqo>\x9b?\xdc:\x84&\x16\
\x07@\x03\xf1]w\xa9B\xee\x000\xdf\xbae\x02\xd5\
\x05\xb8RZ\xd2~\xb9\x1a|\x9ew\xec\xa3\xb8*\x97\
\xcb\xd5R\x18\xbc\x0d\xd0\xc3\x01\xfd?\xeb\x9e\x096G\
$\xba5\x9f\xcd\x9fh\x1dB\x13\x87\x03\xa0A\x14<\
\xef\x15\x80\xfc\x1a\xc0l\xeb\x96\x09tW\xe4\xc8\xc1\xc5\
0x_\xb1X\x5co\x1dC4\x12\xa50\xbc\xbf\x14\
\x86/\x13\x95S\x01T\xad{&P\xbbH\xfd\x86B\
6\xf7\x0e\xeb\x10\x9a\x18\x1c\x00\x0d \xef\xba\xc7\xab\xe2\
f\x00{X\xb7L\x0c\xed\x86\xca\x99\xa50xe\xa5\
RYa]C4\x06Z\xacV\xae\x9d\xd1\xb7\xed\xf9\
C\x9f\x18h\x90\xeb\x03$\xad\xa2\xff\x93w\xddw[\
\x97\xd0\xf8q\x00$\x5c!\x9b;E ?\x07\xd0\x08\
\x1f\xd7\x19\x00\xe4\x8b\xfd\xf5\xfa\xfe\xa5j\xe5j\xeb\x18\
\xa2\xf1Z\xb1n]o1\x08.Li\xd4!\xd0_\
Z\xf7L\x90\x94@\xbe]p\xddF\xfd\x84Q\xd3\xe0\
\x00H\xb0\xbc\xeb\xbe]%\xfa1\x80\x16\xeb\x96q\x13\
\xdc#\x1a\x1d\x5c\x0a+\x9f\xed\xee\xeen\xc8\x8fUQ\
\xf3ZU\xad\x96\x8bax\x92\xa8\xbc\x0e\xc0\x1a\xeb\x9e\
\x09 \x0a\xb9\x22\x9f\xf5.\xb0\x0e\xa1\xb1\xe3\x00H\xa8\
\x82\xeb\xbeO W\x03\x92\xf0':\xea\x06\x08\xdeY\
\x0a\x82W\x14\xab\xd5.\xeb\x1a\xa2\xc9T\xacVn\xec\
\xaf\xd7\x96@\xf1}4\xc0\xa7\x05Dp\x91\xef\xba\x9f\
\xb7\xee\xa0\xb1\xe1\x00H \xdf\xcd}\x5c!W \xe1\
\xff\xfc\x04\xf2\xb3\xc8q^P\x0a\x82\x86\xf8aH4\
\x12\xdd\xdd\xddO\x94\xaa\xc1;U\x9d\xd7\x02([\xf7\
\x8c\x9f\xfck\xde\xf5\xbe\x06\xde:8q\x12\xfd\x02\xd2\
\x8c\x0a\x9e\xf7)@\xbf\x82d\xffa[/*\xa7\x15\
\xc3\xca\x9b\xf9\xb0\x1ejV\xe5j\xf9\xb6m\x83\x03/\
\x04\xe4?\x00\xd4\xad{\xc6C\x80\x0f\xe7]\xef?\xac\
;ht8\x00\x12\xa4\xe0\xba\xefW\xc5\x97\xac;\xc6\
C\xa1\xd7IK\xba\xa3X\xad,\xb3n!\xb2\xb6v\
\xed\xda\xad\xa5\xb0\xf21\x11\x1c\x0e\xa0d\xdd3\x1e\x02\
|\x98o\x07$\x0b\x07@B\x14\xb2\xb9\xd3\x15r\xb9\
u\xc78<\x05\x95\x7f)\x87\xe1)\xfcL?\xd13\
\x15\x83\xe0w\xe9\xf6\xb6\x83 \xb8\xca\xbae|\xe4_\
\xf3\x9ew\xbeu\x05\x8d\x0c\x07@\x02\xf8\x9ew\xb2J\
\xf4?H\xe8?/\x05\x1eD=up\xa9ZI\xf8\
\x0f7\xa2\xc9\xb3r\xe5\xca\xa7JA\xf0/\x0a}\xb3\
\x00OX\xf7\x8c\x95(\xbe\x5cp\xdd\x8fXw\xd0\xee\
%\xf2\x05\xa5\x99\x14r\xb9\xd7BqM2\xaf\xf6\xd7\
\x1a \x17\x94\xc3\xe0\xb0Rw\xa9h]C\x94\x04\xe5\
0\xfc\x99\xa6S/\x06p\x97u\xcbX)\xe4\x12\xdf\
\xf3\xce\xb4\xee\xa0]\xe3\x00\x88\xb1\x82\xeb\xbe\x5c\xa3\xe8\
g\x00\xda\xac[\xc6\xe0q\xd5\xd4q\xa5\xb0\xf2\x05$\
\xfc\x02'\xa2\xa9V*\x95V\x97\xc2\xe0U\xaa\xf8\x10\
\x80\x01\xeb\x9e1p\xa0\xf8\x8e\xefyo\xb1\x0e\xa1\x9d\
\xe3\x00\x88\xa9\x5c.\xf7\x22\x85\xdc\x04\xc8L\xeb\x961\
\xb8\xb3.xQ\xb9Z\xbe\xcd:\x84(\xc1\xb4\x5c\x0d\
.\x83FK\x01\x84\xd61c\x90\x82\xe2\xeaB6w\
\x92u\x08\x0d\x8f\x03 \x86\x22\xe8\x81N\xa4\xb7\x02\xd8\
\xcb\xbae\x94\xea\x80\xfck)\x0c^\x1d\x04\xc1c\xd6\
1D\x8d\xa0T\xad.\x8f\x1c9D\x15w[\xb7\x8c\
A\x8b\x8a.\xf3\xb3\xd9\xc3\xacC\xe8\xb98\x00bH\
\x04\x9f\x030\xd7\xbac4\x04xB\x04'\x94\xc2\xca\
\xbf\x01\x88\xac{\x88\x1aI\xa5RY\x97\xad\x06G\x8b\
\xe2R\xeb\x961h\x87\xc8\xcf\xfd\x8c_\xb0\x0e\xa1g\
\xe2\x00\x88\xa7\xa4\xfdsY\xe1h\xf4\xd2b\x10\xdcb\
\x1dB\xd4\xa8\xee\x02j\xc5j\xf0a\x08\xde\xaa@\xaf\
u\xcf\xe8\xc8>H\xd5o\xf1}\x7f_\xeb\x12\xfa\xa7\
\xa4\xbd\xd0P\xdc(~:\xa3o\xdb\xd2U\xd5j\x03\
\xdc\xd2\x94(\xfeJApM$x\x09\x80\xbfY\xb7\
\x8cR\x1e\xb5\xda\xcf<\xcfk\xb7\x0e\xa1\xed8\x00h\
\xac\x14\x90\x0bJ\xd5\xe0\xad+\xd6\xadK\xd8o#D\
\xc9\x16\x04\xc1#u\xc1R@\x13v\xa1\xad\x1c\x9e\x8a\
\xf0=$\xfbV\xe6\x0d\x83\x03\x80\xc6\xa2_T\xce\x18\
\xfa\x88\x1f\x1f\xe2Cd \x08\x82M\x0b\xc3\xf08(\
\xfe\xdb\xbaeT\x04\xa7\xe5\xb3\xde\x17\xad3\x08HY\
\x07\xc4\xd1\xde\xb3g\x9f\x02\xa0\xc3\xba#\xa6z\xa2H\
N(\xaf\xae\xfc\xd2:\x84\xa8\xd9\x05@\xb4q\xf3\xa6\
\x9b\xf6\x9a5{\x93\x08^\x8b\x84\xfcf-\x82#\xe6\
\xcc\x9e\xb5\xfe\x89\xcd\x9b\x1f\xb2nif<\x03@\xa3\
\xb12\x0d}ieu\xe5\x1e\xeb\x10\x22\xfa\xa7r5\
\xb8L\xa1g\x00\xe8\xb7n\x19)\x05.+\xe4r\xaf\
\xb5\xeehf\x1c\x0042\x82\x87\xa4%}\xc4\xca0\
\xacX\xa7\x10\xd1s\x95\xc3\xf0G\x80\xbe\x0a\xd0\x0d\xd6\
-##i\x8d\xf4\x9a\xc2\xc2\x85\xbeuI\xb3\xe2\x00\
\xa0\x11\x90\x9b\xb6\x0d\x0c\x1c\xc5\xa7\xf8\x11\xc5[)\x0c\
\xef\xaf\x8b\x1c\xa1@R\x86\xfa^pR?\x9b?\x7f\
\xfet\xeb\x90f\xc4\x01@\xbb$\xc0\xff,\x0c+'\
\xaf]\xbbv\xabu\x0b\x11\xed^\x10\x04\x8f\xa4\xeb\xb5\
#\x04x\xc4\xbae$\x14xQ{K\xcb7\xad;\
\x9a\x11\x07\x00\xed\x94B\xbeQ\x0c\x83\xb3\xee\x02j\xd6\
-D4r\xab\xba\xbb\xd7h:\xf5\x0a\x05\xfed\xdd\
2\x12\x029\xddws\x1f\xb0\xeeh6\x1c\x004,\
\x11\xfc{9\xac\xbc\x1f\xfc\x98\x1fQ\x22\x95J\xa5\xc7\
#\xc1+\x01<`\xdd22\xfa\xb5E\xb9\xdc\x91\xd6\
\x15\xcd\x84\x03\x80\x9eC\x15\x17\x16\x83\xe0|\xeb\x0e\x22\
\x1a\x9f \x086\xcd\xe8\xdb\xf6\x9a\x84\xdc0\xa8%\x8a\
t\xd9\xfe\x99\xcc\x02\xeb\x90f\xc1\x01@;RU|\
\xa8\x5c\x0d.\xb2\x0e!\xa2\x89\xb1b\xdd\xba\xde\xfez\
\xfdu\x00~m\xdd2\x02\xf3\xea\xa9\xd45\x9d\x9d\x9d\
-\xd6!\xcd\x80\x03\x80\xfeA\x04\x1f-W\x83\xcb\xac\
;\x88hbuwwok\x9f9\xe3\xf5\x00~n\
\xdd\xb2{r\xf8\xa6\x9e\x9eK\xac+\x9a\x01\x07\x00\x01\
\x00D\xf0\xe9b\x10\xfc\xa7u\x07\x11M\x8e\xae\xae\xae\
\x81\xf6\x993N\x03\xe4&\xeb\x96\xddR|0\x9f\xcd\
\x9fh\x9d\xd1\xe88\x00\x08\x80~\xb6\x18\x04_\xb6\xae\
 \xa2\xc9\xd5\xd5\xd55\xd0_\x1f<\x05\xc0]\xd6-\
\xbb!\x22\xd1w=\xcf\xdb\xcf:\xa4\x91q\x0049\
\x11\x5cT\x0aC>\x98\x83\xa8ItwwoK\xb7\
\xb7\xbdN\x81\x07\xad[vcnJ\xe5\xdbH\xc8\xf3\
\x0d\x92\x88\x03\xa0\x89)\xe4\x1b\xc5 \xb8\xd0\xba\x83\x88\
\xa6\xd6\xca\x95+\x9fB\xca9\x06\xc0\x1f\xac[vM\
O(\xb8\xee\xfb\xac+\x1a\x15\x07@\x93\x12\xe0\xc7\xe5\
\xb0r\xaeu\x07\x11\xd9(\x97\xcb\x9b\xa5%},\x80\
\xbfZ\xb7\xec\x8aB\xbe\x9a\xcf\xe4_h\xdd\xd1\x888\
\x00\x9a\xd3\xaff\xed3\xe7\x9d\x00\x22\xeb\x10\x22\xb2S\
,\x16\xd7\xa7\xea\xb5\xd7\xc6\xfc\xd9\x01\xedN*\xfaA\
\xa1Ph\xb3\x0ei4\x1c\x00MF\x14\xbf\xdf68\
p\xca\xf2\xe5\xcb\x07\xad[\x88\xc8\xde\xaa\xee\xee5\x91\
\xe0x\x00\x1b\xad[vF\x81\x17E\x835^\xa8<\
\xc18\x00\x9aKY[R'\xf1\xc1>D\xb4\xa3 \
\x08\x1e\x11\xc1\x1b\x00\x0cX\xb7\xec\x8c\x00\x1f\xcaes\
\xaf\xb1\xeeh$\x1c\x00\xcd\xa3'r\xe4\xf8R\xa9\xf4\
\xb8u\x08\x11\xc5O1\x08~\x0b\xc1\x99\x88\xef\xf3?\
\xc4\x11\xfdv\xc7\xdc\x8e\x99\xd6!\x8d\x82\x03\xa09\xf4\
\xa9:'W*\x95\x95\xd6!D\x14_\xa5 \xb8F\
\x15\x17Zw\xecB\xb6oF\xef\xbfYG4\x0a\x0e\
\x80\xc6\xa7\x0a=\xab\x5c-\xdfk\x1dBD\xf1W\xae\
\x06\x9f\x87\xe2{\xd6\x1d;\xa58w\x91\xe7\x1db\x9d\
\xd1\x088\x00\x1a\x9c*..\x87\xe1\x8f\xad;\x88(\
9f\xcf\x9ds\x8e\x08n\xb5\xee\xd8\x09'R\xfdv\
GGG\xabuH\xd2q\x0040\x81\xfe\xb2\x5c\x0d\
>k\xddAD\xc9\xb2|\xf9\xf2\xc1\x1ap*\xa0E\
\xeb\x96\xe1\xc9\x0b\xfa\xb6l\xfd\xa4uE\xd2q\x004\
(\x01\x1e\x89R\xa9\xd3\xc1\xcf\xfa\x13\xd1\x18\x04A\xb0\
I\xeb\xa97*\xd0k\xdd2<\xfdL!\x9b}\xbe\
uE\x92q\x004\xa6'\xa3\x94\xf3\xfar\xb9\xbc\xd9\
:\x84\x88\x92\xab\xdc]~\x18\xd0s\xac;v\xa2M\
%u\x15\xf8:6f\xfc\x1f\xae\xf1\xa8B\xdf].\
\x97WY\x87\x10Q\xf2\x95\xc3\xf0\xc7\x10\x5cf\xdd1\
<=\xac\xe0\xba\xef\xb5\xaeH*\x0e\x80\x86#_+\
\x87\xe1\xcf\xac+\x88\xa8q\xcc\x9e3\xe7\xe3\x10\xdcc\
\xdd1\x1c\x85|9\x97\xcb\xcd\xb3\xeeH\x22\x0e\x80\xc6\
\xf2\xc0\xec}\xf6\xfe\x94u\x04\x115\x96\xe5\xcb\x97\x0f\
F\x22\xa7\x00Xc\xdd2\x8c=%\x02\x1fi>\x06\
\x1c\x00\x8dc}\x0d\xfa&\xde\xe3\x9f\x88&C\xa5R\
Y\x07\xe8\xa9\x00b\xf73F\xa0\xef*\xb8\xee\xc1\xd6\
\x1dI\xc3\x01\xd0\x18TT\xce\x0a\xc3\xf0\xef\xd6!D\
\xd4\xb8Jax\xbf@/\xb4\xee\x18\x86\xa3\x90\xaf\x03\
\x10\xeb\x90$\xe1\x00h\x04\x82\xcb\x8b\xd5\xca\x8d\xd6\x19\
D\xd4\xf8\x8aax1\x80;\xad;\x86\xb1\xb4\x90\xcd\
\x9db\x1d\x91$\x1c\x00\x89\xa7\x7f\xe9\xaf\xd5\xf8\xbe?\
\x11M\x95Hj\xe93\x04x\xc2:\xe4\xd9\x14\xfa\xd5\
\xf9\xf3\xe7O\xb7\xeeH\x8a\xb4u\x00\x8d\x8f\xaa\x5c\xdb\
\xee\xb4\x9cX\xc8\xe6\xacS\x92\xc9\xd1\x01\x00\x9b4\x95\
*\x97J\xa5\xd5\xd69DIP\x5cS\xec\xf6=\xef\
}P\x5cc\xdd\xf2\x0c\x82\x85\xd3Z\xda>\x02\x80\x0f\
\x0c\x1a\x01\xbe_2\x0c\xdf\xf3\x96A\xc1SI\xcdg\
=\x04wB\xf5\x9a\xf6\x993o\xea\xea\xea\x8a\xed\xb3\
\xd1\x89\xe2\xc0\xcfz\xdf\x1bz\x84pl(\xd0\x9b\xae\
\xd7\x16\xaf\xea\xee\x8e\xe3'\x16b\x85o\x01\x10\xfd\xd3\
\x5c(N\x05\xe4\xfa\xbe\xa7z\x8b\x05\xd7}\xdfQ<\
KF\xb4S\xe9im\xe7\x02(Yw\xecH\x80\x19\
\xf5T\xea\xcb\xd6\x1dI\xc0\x01@4\x1c\xc1B\x85\xfc\
W\xd5\xf5\x1e\xca\xe7\xf3\xfb[\xe7\x10\xc5\xd1\xca\x95+\
\x9f\x12\xc1\xe9\x00\xea\xd6-\xcf$o\xcf\xe5rK\xac\
+\xe2\x8e\x03\x80h\x17\x04x\xb1\xd4\xa3\x87\xf2\xd9\xfc\
\x89\xd6-DqT\x0c\x82\xdf)$n\xb7\x0av\x9c\
H/\xb2\x8e\x88;\x0e\x00\xa2\xdd\xdbS\xa4~C\xde\
u\xdfn\x1dB\x14G3\xfb\xb6^\x00\xa0l\xdd\xf1\
,\xaf\xcf/\xcc\xbf\xc4:\x22\xce8\x00\x88FD\xd2\
\x02\xf9\xee\xa2\x5c\xeeH\xeb\x12\xa2\xb8Y\xb1n]/\
\xa0\xef\x01\xa0\xd6-;\x10q\x22\x9e\x05\xd8\x05\x0e\x00\
\xa2\x91k\x8d\x22]VXP\xc8X\x87\x10\xc5M)\
\x0c\xef\x84\xe2j\xeb\x8eg9\xdew\xdd\xa5\xd6\x11q\
\xc5\x01@4:\xf3\x90\xae_l\x1dA\x14G\xfdQ\
\xed#\x00\xd6Yw<\x93\xf3y\xeb\x82\xb8\xe2\x00 \
\x1a%\x85\xbe\xcd\xcff;\xad;\x88\xe2\xa6\xbb\xbb\xfb\
\x09\x08>d\xdd\xf1Lzt\xc1\xf3\x8e\xb2\xae\x88#\
\x0e\x00\xa2\xd1\x13\x88\xf3\x05\xeb\x08\xa28*\x05\xc15\
\x80\xdcd\xdd\xb1#U\xe5\x9f\xd7ap\x00\x10\x8d\xcd\
1\xbe\xef/\xb4\x8e \x8a#\x89j\xe7\x01\xe8\xb7\xee\
\xf8'9\xbc\x90\xcb\xbd\xd6\xba\x22n8\x00\x88\xc6\xc6\
\xd1z\x9d\xf7\x06 \x1aFq\xf5\xea\x92\x08.\xb5\xee\
\xd8\x91F\xca\x87\xa6=\x0b\x07\x00\xd1\x18I\x84WX\
7\x10\xc5U\xaa\xad\xed\x8b\x00\x1e\xb3\xee\xd8\xc1Q\xbc\
/\xc03q\x00\x10\x8d\x95\x83\xe7['\x10\xc5\xd5\xca\
\x95+\x9fR\xe8g\xac;v$N\xf4Q\xeb\x868\
\xe1\x00 \x1a+\x05\xaf\x01 \xda\x85r\x18~\x0f\x90\
\xe5\xd6\x1d\xff\xa4o\xf6<\xcf\xb3\xae\x88\x0b\x0e\x00\xa2\
1\xd3\x99\xd6\x05D1\x17\xa9\xca\x87\x10\x9b;\x04J\
:\x85\xb8}L\xd1\x0e\x07\xc0p\x22l\xb5N\xa0D\
\xe8\xb3\x0e \x8a\xbbr\xb5|/\x14\xcb\xac;\x9e\xa6\
\x8a\xf7\x1c\xb0`\xc1\x1c\xeb\x8e8\xe0\x00\x18\x8e\xc8\x06\
\xeb\x04J\x02~\x9f\x10\x8dD\xdd\xc1\xf9\x00\x06\xac;\
\x00@\x80\x19\x03--g[w\xc4\x01\x07\xc0p\x14\
+\xad\x13(\x11\x1e\xb1\x0e J\x82 \x08\x02(\xbe\
k\xdd\xf14Q\x9c\xdb\xd1\xd1\xd1j\xdda\x8d\x03`\
\x18\x1a\xc9\xef\xac\x1b(\xfeT\xf1\x80u\x03QR\xa4\
\xb5\xfe\x05\x00\xdb\xac;\x86\xcc\xef\xeb\xed}\x9bu\x84\
5\x0e\x80a\x94\xbb\xcb\x7f\x01\xb4\xdb\xba\x83\xe2-\xe5\
\xe0\x16\xeb\x06\xa2\xa4X\xb9z\xf5Z\x08\xae\xb2\xee\xf8\
\x07\xc5\xb9\xd6\x09\xd68\x00\x86\xa7\xa2\xf2C\xeb\x08\x8a\
\xb5U\x8f\x06\xc1\xef\xad#\x88\x92\xa4\x0e\x5c\x0c\xc4\xe6\
\x22\xeb\x83\x0b\xae{\xb0u\x84%\x0e\x80\x9d\xa9\xa7\xff\
\x0b1\xb9h\x85bH\xe5\x8b\x88\xcdG\x9b\x88\x92!\
\x08\x82\xc7\x00\xfd/\xeb\x8e\xa7\xa9JS_\x0c\xc8\x01\
\xb0\x13\xc55\xc5n\x08\xae\xb4\xee\xa0\xf8\x11\xe0\xcf\xa5\
j\x85g\x88\x88\xc6 5\xd8\xf6\x15\x00OYw\x00\
\x00\x04o[2o\xde\x0c\xeb\x0c+\x1c\x00\xbb \xe9\
\xf4\x05\x00\xaa\xd6\x1d\x14+\x91B?\x02 \xb2\x0e!\
J\xa2UkWm\x00\xf42\xeb\x8e!{n\x996\
\xedT\xeb\x08+\x1c\x00\xbbP,\x16\x9f\x8c\x1cy\x9d\
\x02\xbd\xd6-\x14\x0f*\xf8L)\x0c\xef\xb0\xee J\
\xb2\x96Z\xed\xd2\xb8\xfc\x5c\x15\xc5{\xac\x1b\xacp\x00\
\xecF\xa5R\xf93\xa0g\x80\xbf\xf15=\x81\xfc\xa8\
\x1c\x04\xffn\xddA\x94t\x8f\xacY\xd3#\x8a\x1fX\
w\x0cY\xea/\xf4_`\x1da\x81\x03`\x04\xcaa\
x\xbdB_\x07\xe0I\xeb\x162\x22\xb8j\xd6>{\
\xbf\x0b\xbc\xf0\x8fhBh\xe4|\x0d1\xf9\xc5J\xa4\
~\x96u\x83\x05\xb1\x0eH\x92E\x9e\xf7\xe2H\xf1s\
\x00\xaeu\x0bM\x99A\x15\x9cW\x0e\x02^\x10J4\
\xc1|\xd7\xbb\x01\xc0\xc9\xd6\x1d\x02<Q\x13,\x08\x82\
\xa0\xa9\x9e\xef\xc13\x00\xa3\xf0h\x10\xfciF\xdf\xb6\
\x0eU\x5c\x08\xe8\x16\xeb\x1e\x9aT*\x90\x9fi\xdd\xe9\
\xe0\x8b?\xd1$\xd1\xe8\xab\xd6\x09\x00\xa0\xc0\xde\xa9\x18\
\x0c\x91\xa9\xc63\x00c\x94\xcb\xe5\xe6I]\xcf\x13\xe0\
t\x08\x9f\x0b\xdf@\xb6\x0a\xf0s@\xaf(\x86!o\
\xf5K4\xc9|\xd7{\x00\xc0\xa1\xd6\x1d\x10\xfc\xa2\x14\
\x04\xaf\xb7\xce\x98J\x1c\x00\x13\xa0\x90\xcdv@R/\
WD\x8b\x052G\x05|N|B\x88\xca@\x04l\
rDK\x00\xfe\x80t\xfaw\xc5b\xb1\xdf\xba\x8b\xa8\
Y\xe4]\xf7M\x02\xb9\xce\xba\x03@\xbf\xa6\x9cy\xe5\
ry\xb3u\xc8T\xe1\x00 \x22\x22K)\xdf\xf5V\
\x01\xc8[\x87@\xe5\xccR\xb5r\xb5u\xc6T\xe15\
\x00DDd\xa9.\xd0\xefXG\x00\x00DO\xb3N\
\x98J\x1c\x00DDd\xaa&\xf2]\x00\x83\xd6\x1d\x00\
^s\xc0\x82\x05s\xac#\xa6\x0a\x07\x00\x11\x11\x99\x0a\
\x82\xe01(~e\xdd\x01\xa0\xa5\x96N7\xcd\xa7\x01\
8\x00\x88\x88\xc8\x9c\x8a~\xcb\xba\x01\x00\x22\x95\xa6y\
6\x00/\x02$\x22\xa28p|\xd7\xab\x00\xc8\xdaf\
h\x0d\xe9\xf4\x82R\xa9\xf4\xb8m\xc7\xe4\xe3\x19\x00\x22\
\x22\x8a\x83H\x04\xdf\xb3\x8e\x00$\x8dz\xfd\x0d\xd6\x15\
S\x81\x03\x80\x88\x88b!r\x9c\xef \x06\xcf\x07\xd0\
\x08o\xb4n\x98\x0a\x1c\x00DD\x14\x0b\xe5r\xb9\x0a\
\xc5\xad\xd6\x1d\x228r\xfe\xfc\xf9\xd3\xad;&\x1b\x07\
\x00\x11\x11\xc5\x87\x83\x9fX'\x00hooi9\xca\
:b\xb2q\x00\x10\x11QlH:}\x03\x00\xf3\xa7\
\xf2\x09p\x9cu\xc3d\xe3\x00 \x22\xa2\xd8(\x16\x8b\
O\xaa\xd8\xbf\x0d\xa0\x90\x13\xac\x1b&\x1b\x07\x00\x11\x11\
\xc5\x8b\xeaO\xad\x13\x04\xc8\xe53\xf9E\xd6\x1d\x93\x89\
\x03\x80\x88\x88b\xa5\xa5\xbd\xfd\x17\x00\xb6Yw\x88\xa3\
\xc7Z7L&\x0e\x00\x22\x22\x8a\x95\x95+W>\x05\
\xe0f\xeb\x0e\x886\xf4u\x00\x1c\x00DD\x14;\xa2\
b\xfe6\x00\x80\xa3\x1a\xf9\xe3\x80\x1c\x00DD\x14;\
\xd3\xfb\xb7\xde\x04`\xabq\xc6\xb4i\xad\xadG\x1a7\
L\x1a\x0e\x00\x22\x22\x8a\x9d\x15\xeb\xd6\xf5\x02r\xa7u\
\x07T\x8f\xb6N\x98,\x1c\x00DD\x14W\xbf\xb6\x0e\
\x00\xe40\xeb\x82\xc9\xc2\x01@DD\xb1\x94Ft\x93\
u\x03\x80\xceL&3\xcd:b2p\x00\x10\x11Q\
,\xad\x0c\xc3\x0a\x14\x8f\x1ag\xb4\xb6H\xcbK\x8c\x1b\
&\x05\x07\x00\x11\x11\xc5\x97c\xffq@IiC\xbe\
\x0d\xc0\x01@DD\xf1\xa5j~\x1d\x80\xa3\x1c\x00D\
DDS\xaa\xbf^\xbf\x0b\xc6\x1f\x07\xd4\xed\x17\x026\
\xdc\xebe\xc3\xfd?DDD\x8d\xa3\xbb\xbb{\x1b\x80\
\xbb\x8d3\xf6Z\xe4\xba\x8b\x8d\x1b&\x1c\x07\x00\x11\x11\
\xc5\x9c\xdcn]\x10\xa9s\xb8u\xc3D\xe3\x00 \x22\
\xa2X\x13D\xf7Y7\x00\x8dw\x1d\x00\x07\x00\x11\x11\
\xc5Z\xdb\xcc\x99\xcb\x01\xf4\x99F\x08^jz\xfcI\
\xc0\x01@DD\xb1\xd6\xd5\xd55\x00\xc1C\xb6\x15\xba\
\xbf\xe7y\xed\xb6\x0d\x13\x8b\x03\x80\x88\x88bO#\xdc\
k[ \xe9\xb4\xea\x81\xb6\x0d\x13\x8b\x03\x80\x88\x88\xe2\
O\xd4\xfc:\x00\x15Yb\xdd0\x918\x00\x88\x88(\
\xf6j\xaa\xf7\x03\x88L#T^hz\xfc\x09\xc6\x01\
@DD\xb1W\xadV7\x02\xf8\x9be\x83\x88\xf2\x0c\
\x00\x11\x11\xd1\xd4\xd3\x07L\x8f\xae\xe0\x19\x00\x22\x22\xa2\
\xa9&\xc0\x9f\x8c\x13\xf6\xf3}\x7f_\xe3\x86\x09\xc3\x01\
@DD\x89P\x8f\x9c\x15\xd6\x0d:\xd88o\x03p\
\x00\x10\x11Q\x22H\x8b\xac\x00\xa0\x96\x0d\x8e\x135\xcc\
\xdb\x00\x1c\x00DD\x94\x08\xe5ry3\x80\xd5\x96\x0d\
\x91J\x87\xe5\xf1'\x12\x07\x00\x11\x11%\x86@M\xdf\
\x06\x10h\xce\xf2\xf8\x13\x89\x03\x80\x88\x88\x12#Ry\
\xd88\xc13>\xfe\x84\xe1\x00 \x22\xa2\xe4p`<\
\x004{\x14\x90\xb6m\x98\x18\x1c\x00DD\x94\x18N\
\x14\x19w\x5c\xf7\x0e\x00\x00 \x00IDAT\x7f\x12\
@\xd2a.\xb7\xc0\xb6abp\x00\x10\x11Qb\xcc\
\x9a;w\x15\xa05\xcb\x86\x946\xc6u\x00\x1c\x00D\
D\x94\x18\xcb\x97/\x1f\x04d\x8de\x836\xc8u\x00\
\x1c\x00DD\x944\x15\xcb\x83\x0b\xc03\x00DDD\
SM\x8c\x07\x00\xcf\x00\x10\x11\x11\x19\x88\x14\x81q\x02\
\xcf\x00\x10\x11\x11M5\x07bz\x06\x00\xbc\x08\x90\x88\
\x88h\xea\xd5\xcd\xcf\x00\xc8<\x00b\xdb0~\x1c\x00\
DD\x94(\xa9(e{\x06\x00h)\x14\x0a{\x18\
7\x8c\x1b\x07\x00\x11\x11%JqMq-\x80~\xcb\
\x06g``\x1f\xcb\xe3O\x04\x0e\x00\x22\x22J\x9a\x08\
\xc0c\x96\x015M\xcf\xb1<\xfeD\xe0\x00 \x22\xa2\
\x04\x92\x0d\xa6Gw\xea\x89?\x03\xd0\x10\x0f4\x18\x89\
\xf9\xf3\xe7O\x9f\x9en;\x01\xa2\xaf\x8c\x80\x83\x05\xc8\
\x03\x985\xf4\x7f\xde\xa4@\xc5\x01\xfe\x00\x95;\xb6\xd6\
\xfa\x7f\xb5v\xed\xda\xad\x96\xbdDD\xb4s\xaa\xda#\
\x86\x97\xe1\x89:\x89?\x03\xd0\xf0\x03 \x97\xcb\xb9\x12\
\xe1\xe3\x02=C\xa1{\x00\xc3^\xba\xb9\xaf\x00\xfb*\
p\x08D\xff\xdf\xb4\x96\xd6'}\xd7\xbdZS\xa9K\
\xca\xe5ru\xaa\x9b\x89\x88h\xd7\x1c\xc1\x065<~\
\xe4h\xe2\xcf\x004\xec[\x00G\x01\xe9|\xd6\xfb\x9c\
\x13\xe9#\x02}?\x80\xd1\x5c\xb1\xb9' \x1f\x90z\
\xb42\x9f\xf5.8\xaa\x09\x86\x12\x11Q\x92(\xb4\xc7\
\xf2\xf8\xa2\x9a\xf83\x00\x0d9\x002\x99\xcc\xde\xab\xdd\
\xdc\xafEp!\x80\xf6q|\xa9v\x11\x5c\xb4\xda\xf3\
\xee(\x14\x0as'(\x8f\x88\x88\xc6IUl\x07\x00\
\x84\x03 n\xf2\x99\xfc\xa2\xb6T\xeaA@\x8f\x9e\xb0\
/\xaa8B\x07j\xf7\xf9\x19\xbf0a_\x93\x88\x88\
\xc6\xcc\x115\xbd\x08P\x05|\x0b N2\x99\xcc\xde\
\xe2D7\x012\xf1/\xd4\x82E\x9a\xaa\xfff\xff\xf9\
\xfb'\xfe\x1f:\x11Q\xd2\xa9X\x9f\x01\xc0l\xcb\xe3\
O\x84\x86\x19\x00G\x01\xe9\xb6T\xcb2\x08\x16M\xd6\
1\x04\xc8\xd5[\xfa\x7fr\x14\xaf\x09 \x222\x15E\
\xb6\x03 \x8a\xd0fy\xfc\x89\xd00\x03\xa0\x9a\xf5>\
3\xa1\xa7\xfdwJ^\xbd:\xeb}d\xf2\x8fCD\
D;\x93\x92h\x8b\xe5\xf1E\xd0jy\xfc\x89\xd0\x10\
\x03 \x97\xcb\xb9\x228\x7f\xca\x0e(\xf8\xd4\x01\x0b\x16\
$\xfe\x02\x10\x22\xa2\x043\xbd\x150\xc03\x00\xb1 \
\x11>\x8e\xf1]\xed?Z\xb3\x07\xd2\xad\x9f\x9e\xc2\xe3\
\x11\x11\xd1\x8eT\xad\x07\x00\xcf\x00X[2o\xde\x0c\
\x81\x9e1\xd5\xc7\x15\xe8{\xe6\xcf\x9f?}\xaa\x8fK\
DD@\x14\xa5\x07l\x0b\x94g\x00\xacmm\x9b~\
<Fw\x93\x9f\x89\xb2g{K\xcb\xb1\x06\xc7%\x22\
\xa2V\xeb\xb7\x00\x84g\x00\xac)\xf4UvGw\xa6\
\xe0\xa2C\x22\x22z6\xb5\x7f\x0b\x80g\x00\xac\xa9\xe0\
 \xabc\x0b\xf4\xc5V\xc7&\x22jf\xf5z\xdd\xf8\
-\x00^\x03`n\xe8\xa9~V|\xc3c\x13\x115\
\xadZ\xad\xc63\x00\xe3\x94\xf8\x01\x80\x7f>\xd2\xd7B\
\xe2\xef\x04ED\x94Dk\xd7\xae\xe5\x00\x18\xa7F\x18\
\x00)\xc3c\xb7\x19\x1f\x9f\x88\xa8Y\xd5\x01X\xbe\x0d\
P3<\xf6\x84h\x84\x01`\xfa>P&\x93I\xfc\
\xfb@DD\x09\xb5\xd9\xf0\xd8\x9b\x0c\x8f=!8\x00\
\xc6\xa9\xb5\xb5\x95\x03\x80\x88\xc8F\xc9\xee\xd0R\xb4;\
\xf6\xc4h\x84\x01`\xfa>\x90\x88$\xfe} \x22\xa2\
DR\xfc\xc9\xee\xd0v\xc7\x9e(\x0d0\x00\xd4\xf4\x0c\
\x80\xf4%\xfff\x10DDI$\x90\xdb\xed\x8e\x1d\x99\
\x1d{\xa24\xc0\x00\x10\xdb\xcf\x82:\xfd<\x03@D\
d\xa0/\x1a\xbc\x096\xd7\x01<\xb9mp\xf0\x16\x83\
\xe3N\xa8\x06\x18\x00\xc6o\x018\x0e\xcf\x00\x10\x11\x19\
\xe8\xee\xee\xde\x06\xe8\x0f\xa6\xfa\xb8\x0a\xf9\xf6\xda\xb5k\
\xb7N\xf5q'Z\xe2\x07\x80\x18_\x04X\xe3\x00 \
\x222\xa3\xa9\xd4%\x00\xfa\xa6\xf0\x90\x1b\x07\xea\x83_\
\x9c\xc2\xe3M\x9a\xc4\x0f\x00\x15\xdb\x01\x80\x06\xb8\x19\x04\
\x11QR\x95\xcb\xe5* _\x9a\xba#\xca\x97\xbb\xbb\
\xbb\x9f\x98\xba\xe3M\x9e\xc4\x0f\x00\xebgBK\xbdn\
\xf1$B\x22\x22\x1aR\x0a+_\x02p\xf3d\x1fG\
\x04\xb7.\x0c+\xff9\xd9\xc7\x99*\xc9\x1f\x00pL\
\x07\x80\x83\xd4\x1c\xcb\xe3\x13\x11\x11\xea\x83\x1a\xbd\x1d\x8a\
G'\xf1\x18eg\xa0\xf5mw5\xc0\x1d\x00\x9f\x96\
\xf8\x01\xa0\x886\x9a\x06H\xb4\x8f\xe9\xf1\x89\x88\x08\xd5\
ju#\xa2\xd4\xf1\x934\x02V\xa1\x9e:f\xd5\xda\
U\x1b&\xe1k\x9bI\xfc\x00\x10\x95\x1e\xcb\xe3+\x1c\
\x9e\x01 \x22\x8a\x81Rw\xa98\x88\xe8\x10@o\x9b\
\xa8\xaf)\x82[\x075:\xb4\xd4]J\xfc\x9d\xff\x9e\
-\xf1\x03\x00\x22\xb6\x8bL\x94\x03\x80\x88(&\xaa\xd5\
\xea\xc6\x85ax\x1c\x14\x9f\xc4\xf8\xee\xd7\xbf\x11\x90O\
d\x82\xe0\xf8j\xb5j{\xa6y\x92$~\x00\x88\xa8\
\xe9\x19\x00Q\xe1[\x00DD1r\x17P+U\x83\
\xaf\xb4\xd4\x06\x0b\x0a\xf9\x1a\x80'G\xf1\xb7?\xa9\x90\
\xaf\xf5\xd7k\x85RX\xb9\xe4\xae\x06z\xcf\xff\xd9\xd2\
\xd6\x01\xe3\xa5\x91\xf4@\xd4\xee\xf8\xe0\x19\x00\x22\xa28\
zd\xcd\x9a\x1e\x00\x1f\xcdd2\x9fmM\xa5\x8e\x03\
\x9cW\x09\xf4`\x00>\x80YC\xff\xb5\xcd\x00\x8a\x0a\
\xf9\xa3 \xba\xbd\xbf^\xff\xf5\xf6\x1b\x0c5\xbe\xe4\x0f\
\x00\x896\x08\xc4\xb2\x80g\x00\x88\x88bl\xe8\x05\xfd\
\xfa\xa1\x7f\xd1\x90\xc4\xbf\x05\x90\x12\xeb\x8b\x00\x85g\x00\
\x88\x88(q\x12?\x00\xb4^7\xbd\x08P\x80\xe7m\
\xff7\x22\x22\xa2\xe4H\xfc\x00\xa8\xa5R\xa6g\x00\x00\
\xb4\xbb\xae\xbb\x9fq\x03\x11\x11\xd1\xa8$~\x00\x04A\
\xb0\x19\xc0\xa0eC\x1a\xc8Y\x1e\x9f\x88\x88h\xb4\x12\
?\x00\x00(\x80\xc7\x8d\x03<\xcb\xe3\x13\x11\x11\x8dV\
#\x0c\x00\x00\x08-\x0f.<\x03@DD\x09\xd3\x10\
\x03@ \x15\xe3\x04\xcf\xf8\xf8DDD\xa3\xd2\x10\x03\
@\x81\xc08\xc13>>\x11\x11\xd1\xa84\xc4\x00\x10\
\xf3\x01 |\x0b\x80\x88\x88\x12\xa5!\x06@\xa4u\xeb\
\xb7\x00\xb2\x00R\xc6\x0dDDD#\xd6\x10\x03\xc0Q\
\x0d\x8c\x13Z<\xcf[d\xdc@DD4b\x0d1\
\x00f\xed\xbbo\x15@\xdd\xb2!\x1d\xc9\x12\xcb\xe3\x13\
\x11\x11\x8dFC\x0c\x80\xe5\xcb\x97\x0f\x02Xc\xd9\xa0\
\x12\xbd\xd0\xf2\xf8DDD\xa3\xd1\x10\x03\x00\x00T\x8d\
/\x04\x14\x9e\x01 \x22\xa2\xe4h\x98\x01 @\xd94\
@\xc1\x01@DD\x89\xd10\x03\x00\x22\x7f5.p\
=\xcf\x9bm\xdc@DD4\x22\x0d3\x00Dt\x85\
uB*\x8a:\x8c\x1b\x88\x88\x88F\xa4a\x06\xc0\xa0\
\x9a\x0f\x00\xa8\xe3\xf0m\x00\x22\x22J\x84\x86\x19\x00a\
\x18\xfe\x1d\xc0z\xcb\x06\x01^ly|\x22\x22\xa2\x91\
j\x98\x01\xb0\x9d\xd8\x9e\x05P]jz|\x22\x22\xa2\
\x11j\xa8\x01\xa0\xb0~\x1b@:2\x99\xcc\xde\xb6\x0d\
DDD\xbb\xd7P\x03\x00\x82\x87\xad\x0b\xdaR\xa9C\
\x8c\x1b\x88\x88\x88v\xab\xa1\x06\x80D\x91\xf9\x85\x80\x80\
s\x98u\x01\x11\x11\xd1\xee4\xd4\x00\xa8;N\x17\x8c\
\x9f\x09\x00\xe8\xe1\xb6\xc7'\x22\x22\xda\xbd\x86\x1a\x00A\
\x10\xf4\x09\xf0\xa8q\xc6K;;;[\x8c\x1b\x88\x88\
\x88v\xa9\xa1\x06\x00\x00\xa8\xe0\xf7\xc6\x09\xd3\x9fx\xe2\
\x89\x83\x8c\x1b\x88\x88\x88v\xa9\xe1\x06\x00\x22\xb9\xcf:\
!\xa5\xca\xeb\x00\x88\x88(\xd6\x1an\x00\x08\xea\xe6\x03\
\x00\xaa\xaf\xb2N \x22\x22\xda\x15\xb1\x0e\x98\x04Rp\
\xbd\x0d\x0a\x98}\x1e_\x81\xdeH\xb0O\x10\x04}V\
\x0dDDD\xbb\xd2pg\x00\x00\xa8\x02\xbf\xb3\x0c\x10\
`\x86Dr\x84e\x03\x11\x11\xd1\xae4\xe2\x00\x80@\
\xcd\xdf\x06\x10\xd1\xe3\xac\x1b\x88\x88\x88v\xa6!\x07\x00\
\xc4\xfeB@\x07\xe0\x00 \x22\xa2\xd8j\xc8\x01\xd0W\
\xab\xfd\x1e\xc0\x80e\x83\x02\x07\xec\x9f\xcd\xe6-\x1b\x88\
\x88\x88v\xa6!\x07@ww\xf76\x05\xfeh\xddQ\
s\x9c\xd7Z7\x10\x11\x11\x0d\xa7!\x07\xc0v\xf6o\
\x03\x08\xdf\x06 \x22\xa2\x98j\xe0\x01\x10\xdda]\xa0\
\x8a\xa3\xe7\xcf\x9f?\xdd\xba\x83\x88\x88\xe8\xd9\x1av\x00\
\x0c\xd4\xebw\x00\xd8f\xd9 \xc0\x8c\xe9\xe9\xb6\xe3-\
\x1b\x88\x88\x88\x86\xd3\xb0\x03\xa0\xbb\xbb{\x9b*\xee\xb1\
\xee\x88$:\xcd\xba\x81\x88\x88\xe8\xd9\x1av\x00\x00\x80\
\xe3\xe0\xd7\xd6\x0d\x029\xbecn\xc7L\xeb\x0e\x22\x22\
\xa2\x1d5\xf4\x00\xa8\x017[7\x00\x98\xde7\xa3\xf7\
D\xeb\x08\x22\x22\xa2\x1d5\xf4\x00\x08\x82\xe0\x11\x00e\
\xeb\x0e(N\xb5N \x22\x22\xdaQC\x0f\x00\x00\x10\
\xe0\x16\xeb\x06\x00\xc7\xe5\xf3\xf9Y\xd6\x11DDDO\
k\xf8\x01\x00\x958\xbc\x0d\xd0\xee\xd4\xf4$\xeb\x08\x22\
\x22\xa2\xa75\xfc\x00\x98\xde\xbf\xf5\x0e\x00\xfd\xd6\x1d*\
x\x8bu\x03\x11\x11\xd1\xd3\x1a~\x00\xacX\xb7\xaeW\
\x04w[w\x00zlaA!c]ADD\x04\
4\xc1\x00\x00\x80\x08\xb8\xc1\xba\x01@J\xd3\xf5wY\
G\x10\x11\x11\x01M2\x00\x9ct\xfa:@k\xd6\x1d\
P=\x1b@\xca:\x83\x88\x88\xa8)\x06@\xb1X\x5c\
\x0f\xe0.\xeb\x0e\x08\x16\xfa\x9e\xf7\x1a\xeb\x0c\x22\x22\xa2\
\xa6\x18\x00\x00\x00u\x96Y'\x00\x00\x14g['\x10\
\x11\x115\xcd\x00\x18D\xfd:\x00\x03\xd6\x1d\x80\xbe\xce\
u\xdd\xe7YW\x10\x11Qsk\x9a\x01P\xadV7\
\x020\x7fD0 \xe9\x94\xca\x19\xd6\x15DD\xd4\xdc\
\x9af\x00\x00\x80\x0ab\xf16\x80\x08x1 \x11\x11\
\x99\x12\xeb\x80\xa9\x94\xcdf\xf7j\x11\xe71\x00\xad\xd6\
-\x0a}S9\x0c\xaf\xb7\xee j\x16\x99LfZ\
[*\xf5r\x00\x07)\x9c\xbc\x03\x9d\xad\x82\x16\xeb.\
\x1a\xa1\x08\xbd\x10\xe9\x81b%\xd4y\xa0\xb4\xba\xd4\x05\
@\xad\xb3\x92\xac\xa9\x06\x00\x00\x14\x5c\xf7F\x85\xc4\xe1\
\xe9|\xf7\x97\xc2\xe00\xeb\x08\xa2FW\xf0\xbcW\xa8\
\xe2\xbd\x00N\x06\xd0n\xddC\x13E\xbbE\xe5\x87\xa8\
\xa7\xff\xab\xb8\xa6\xd8m]\x93DM7\x00\xf2\xae\xfb\
v\x81\xfc\xd0\xbac;=\xac\x14\x86\xf7[W\x105\
\xa2\x5c.\xb7D\xea\xfau\x11\x1ci\xddB\x93j\x00\
\x82+%\x9d\xbe\xa0X,>i\x1d\x93$Mu\x0d\
\x00\x00\x0c\xd4\xeb\xd7\x03\xd8h\xdd\xb1\x9d|\xd4\xba\x80\
\xa8\x11\xf9n\xee\x03N\x14-\xe7\x8b\x7fSh\x85\xe2\
<\x1d\xac=\xbc\xc8\xf3^l\x1d\x93$M7\x00\xba\
\xbb\xbb\xb7\x01\xfa#\xeb\x8e!'\xfb\x19\xbf`\x1dA\
\xd4(\x8e\x02\xd2\xbe\xeb^\x0e\xe8\xd7\x01I[\xf7\xd0\
\x94\xca\xd6\x15\xf7\xe6]\xf7M\xd6!I\xd1t\x03\x00\
\x00\x22\xc7\xf9\x96u\xc3\x10GS\xd1\x87\xad#\x88\x1a\
\x84\xacv\xbd\xab\x019\xd7:\x84l\x080C \xcb\
\xf2\xae\xfbF\xeb\x96$h\xbak\x00\x9eV\xc8z\x0f\
\xaa\xe0e\xd6\x1d\x00\xb6\xa6\x06[\xddUkWm\xb0\
\x0e!J2\xdf\xcd}\x16\xd0/XwP,l\xd3\
\xc89\xb2\xbc\xba\xfc\x7f\xd6!q\xd6\x94g\x00\x00\x00\
\xa2WY'\x0c\x99\x1e\xb5\x0e\xf07\x16\xa2q\xf0=\
\xefX@/\xb2\xee\xa0\xd8\x98&Nt]\xc7\xdc\x8e\
\x99\xd6!q\xd6\xb4\x03\xa0m\xeb\xcc\x9f\x02x\xca\xba\
\x03\x00T\xf1\xa1L&\xb3\xb7u\x07Q\x12e2\x99\
i\xaa\xf8\x06\x9a\xf8\xe7\x19\x0d\xcb\xdd6\xad\x97\x17Z\
\xefB\xd3\xfe\x81\xe9Z\xdf\xb5\x05\x82\x9fXw\x0c\xd9\
\xb3\xd5I\x7f\xcc:\x82(\x89\xdaR-g\x09\x90\xb3\
\xee\xa0\xf8\x11\xd1\x8fy\x9e\xb7\x9fuG\x5c5\xed\x00\
\x00\x00\xad\xc7\xe6b@@\xf0A\xdf\xf7\xf7\xb5\xce \
J\x18\x01\xa2\xf3\xac#(\xaed\xa6\x13\xe1\x83\xd6\x15\
q\xd5\xd4\x03`\xe8\x02\x91?Zw\x00\xdb\xaf^\xd5\
Z\xfd|\xeb\x0e\xa2$\xf1\xb3\xd9\xa5\x80\xf0\xa3\xb4\xb4\
S\x02\x9c\x8e&\xbe\xe0}W\x9az\x00\x00\x80B\xaf\
\xb0nx\x9a\x00\xff\xaf\xb0\xa0\x90\xb1\xee J\x0c\x91\
c\xac\x13(\xe6\x04\x0b\x0b\xd9\xec\x81\xd6\x19q\xd4\xf4\
\x03\xc0ii\xf9\x11\x80\xbf[w\x0ci\x8f\xd2<\x0b\
@4R\x22r\xa8u\x03%\x80\xc8\xcb\xad\x13\xe2\xa8\
\xe9\x07@\xb1X\xec\x97X\x9d\x05\xd0\xf7\xe4r9\xd7\
\xba\x83(\x09T\xb1\xd8\xba\x81\xe2O\xc1\xef\x93\xe14\
\xfd\x00\x00\x80\x01\xd5+\x01\xddb\xdd1\xa4-\x15\xe9\
\x97\xac#\x88\x12b\x1f\xeb\x00\x8a?\x81\xf0\xfbd\x18\
\x1c\x00\x00\xaa\xd5\xeaF\x00\xffc\xdd\xf14\x05\xde\xea\
\xbb\xeeR\xeb\x0e\xa2\xf8\xd3V\xeb\x02\x8a?\x15\xf0\x86\
@\xc3\xe0\x00\x18\x92R\xbd\x14@\xdd\xbac\x88@\xe4\
R\xf0\x9f\x0f\xd1nH\xafu\x01QR\xf1\x05f\xc8\
\xaaj\xb5\x0c\xc1\xf5\xd6\x1d\xff\xa0x\xa9\xefygX\
g\x10\xc5\x5c\xb7u\x00QRq\x00\xec\xc0\x01\xfe\xc3\
\xba\xe1\x19\x14_Z\xbcx\xf1\x1e\xd6\x19D\xb1%\xe8\
\xb2N J*\x0e\x80\x1d<\x1a\x04\x0fBp\x8fu\
\xc7\x0e\x9eW\xdf\xd6\xffi\xeb\x08\xa2\xd8R\x89\xd3\x9f\
W\xa2D\xe1\x00x\x16U\xbd\xd8\xbaaG*\xf8\xf0\
\xfe\xd9l\xde\xba\x83(\x8e4%\xbf\x00\x10Yw\x10\
%\x11\x07\xc0\xb3\x94\xc3\xf0W\x00\x1e\xb0\xee\xd8A[\
$r\x99u\x04Q\x1c\x95\xcb\xe5\xaa*n\xb3\xee \
J\x22\x0e\x80a\xa8F\xffj\xdd\xb0#\x85\x9c\xe8{\
\xdei\xd6\x1dDq$\x12\xaf\xb3vDI\xc1\x010\
\x8cr\xb5z;\x80\xbb\xac;\x9eA\xf5\x8a\xfd\xe7\xef\
\xcf\x9bY\x10=K)\x0c\xef\x84\xe0\x17\xd6\x1dDI\
\xc3\x01\xb0\x13Q$\x17X7<\x93\xecSO\x0f\x5c\
b]A\x14G2\x98~?\x80u\xd6\x1dDI\xc2\
\x01\xb0\x13\x95\xd5\x95{Dp\xabu\xc73\x08\xdeY\
\xc8\xe5^k\x9dA\x147\xc55\xc5n\x81\xbe\x01@\
\xbfu\x0bQRp\x00\xec\x82\x00\xb1\xba\x16\x00\x004\
\xd2+\xe7\xcf\x9f?\xdd\xba\x83(n\x8aa\xf8\x80B\
\xcf\x02\xb4f\xddB\x94\x04\x1c\x00\xbb\xf0h\x10<(\
\xd0_Zw<K~ZK\xcbE\xd6\x11DqT\
\x0e\xc3\x1fE\xea\x1c\x0f`\xa3u\x0bQ\xdcq\x00\xec\
\xde\x05\x00\xd4:\xe2\x99\xe4\xc3\x05\xcf\xe3s\xd0\x89\x86\
Q\xa9Vn\xd5\x94s(\x04\x0fY\xb7\x10\xc5\x19\x07\
\xc0n\x14\xc3\xf0\x8f\x02\xfc\xc4\xba\xe3YR\xaa\xf8!\
o\x13L4\xbcr\xb9\xbc\xaa\x14\x04\x87@\xf0\x16\x00\
e\xeb\x1e\xa28\xe2\x00\x18\x01M\xa7\xce\x07\xb0\xd5\xba\
\xe3Y\xfc\xda\xb6\xfe\xcb\xad#\x88bLKA\xf0\xd3\
\xd9\xfb\xcc9\x00\x827\x00\xb8\x06\xc0\xe3\xd6QDq\
!\xd6\x01I\x91\xcfz\x9f\x13\xc1\x85\xd6\x1d\xcf&*\
\xa7\x15\xab\x95e\xd6\x1dDI\xb1\x7f&\xb3 J\xa7\
\x0b\xa8\xcb,\x08\xda\xac{\x92*\x82\x1e(\x82d\x5c\
\x8f$\xb8\xb6\x14\x04\xa7Zg\xc4\x0d\x07\xc0\x08e2\
\x99im\xa9\xf4\xdf\x00\xb8\xd6-\xcf\xb2)r\xe4\xc5\
\x95J%\xb4\x0e!\xa2\xe6P(\x14\xda\xa2\xc1\xda\xef\
\x04x\xb1u\xcb\x88p\x00\x0c\x8bo\x01\x8cPww\
\xf76\x15|\xca\xbac\x18\xb3\x1d\xd5\x1f\x00HY\x87\
\x10Qs\xd0\xc1\xc1\xaf&\xe6\xc5\x9fv\x8a\x03`\x14\
\xcaApM\xcc\x1e\x17\xbc\x9d\xe2\x88\xbc\xe7}\xdc:\
\x83\x88\x1a_\xdeu\x8f\x07\xe4\xfd\xd6\x1d4~\x1c\x00\
\xa3\xa3Zw>\x82\x18>~T\x14\x9f/\xb8\xee\xcb\
\xad;\x88\xa8q\x15\x16\x142\x02\xb9\x1a|\xfb\xb8!\
p\x00\x8cRyu\xf9\xff\xa0\xb8\xda\xbac\x18-\x0a\
\xb9~\xf1\xc2\x85\xf3\xadC\x88\xa8\xf1tvv\xb6h\
z\xf0'\x00\xe6X\xb7\xd0\xc4\xe0\x00\x18\x83\x9a\xe8\xa7\
\x01<e\xdd1\x8c\xfd\x06%\xf5\x93\xce\xce\xce\x16\xeb\
\x10\x22j,\x9bzz\xbe\x0a\xc8\xe1\xd6\x1d4q8\
\x00\xc6 \x0c\xc3\xbfC\xf1Y\xeb\x8e\xe1\x88\xe0\xc8\xcd\
\xeb{\xbeb\xddAD\x8d\xc3\xf7\xbc\xd3\xa0\xf8\xa0u\
\x07M,\x0e\x801*U\x83+\x00<`\xdd1\x1c\
\x15|(\xefyo\xb5\xee \xa2\xe4[\xe4\xba\x07B\
\xf5\xdb\xd6\x1d4\xf18\x00\xc6.\xaa\x0b\xde\x8d\x98>\
~T\x14\xdf)\xb8\xeeA\xd6\x1dD\x94\x5c\x85Ba\
\xcf\x08r\x1d 3\xad[h\xe2q\x00\x8cC\x10\x04\
\x8f\x88\xe0b\xeb\x8e\x9d\x98\xa6\xc02\xcf\xf3f[\x87\
\x10Q\x22\xa5t\xa0\xb6\x0c\xc0\xf3\xadChrp\x00\
\x8cS\xdb\x8c\x19_\x02\xd0e\xdd1<)\xa4\x147\
ttt\xb4Z\x97\x10Q\xb2\xe4]\xef\x12\x08\x8e\xb1\
\xee\xa0\xc9\xc3\x010N]]]\x03\x80\x9e\x83\x18\xde\
\x1b`\xc8Q\xfd[z\xff\xdb:\x82\x88\x92#\xefy\
\xef\x12\xe0\xc3\xd6\x1d4\xb9x\xfb\xd8\x09\xb0q\xf3\xe6\
\xd5{\xcf\x9e5\x17\x90\x97Y\xb7\xec\xc4A{\xcf\xde\
\xab\xbeq\xf3\xa6\xbb\xadC\x88(\xde\x16\xe5rGB\
\xf1S\x00i\xeb\x96\x09#\xf8\xeb\xc6M\x9b\xae\xb5\xce\
\x88\x1b\x9e\x01\x98 3\xfa\xfa\xceW\xa0b\xdd\xb1s\
\xfa\xf9B6\xf7\x0e\xeb\x0a\x22\x8a\xafE\xae{`\x14\
\xe9\xcf\x01>%\xb1\x19p\x00L\x90\x15\xeb\xd6\xf5:\
\x82\xff\x07@\xad[vBT\xf4[\x05\xcf{\x85u\
\x08\x11\xc5\x8f\xeb\xba\xcf\x8b 7\x03\xd8\xcb\xba\x85\xa6\
\x06\x07\xc0\x04*\x06\xc1-\x10\x5cn\xdd\xb1\x0bmP\
\x5c\xefy\xde\x01\xd6!D\x14\x1f\x1ds;f\xa6\xe1\
\xdc\x88\xf8=\xee\x9c&\x11\x07\xc0\x04\xab\x03\xe7C\xf0\
\xb0u\xc7\xce(\xb0\xb7\xa3\xf8\xd5\xfe\x99\xcc\x02\xeb\x16\
\x22\xb2\xd7\xd1\xd1\xd1\xda?\xa3\xf7z@;\xad[h\
jq\x00L\xb0 \x08\xfa$\x8a\xde\x0a`\x9bu\xcb\
\xce\x08\x90\xab;\xe9;=\xcf\xdb\xcf\xba\x85\x88L\xa5\
\xfaz{\x7f\xa0\x8a\xd7X\x87\xd0\xd4\xe3\x00\x98\x04\xc5\
j\xb5K\x15\x9f\xb2\xee\xd8%\xc1\xa2\x94\xe2\x96L&\
\xb3\xb7u\x0a\x11\x99\x10\xdfu\xaf\x84\xe2T\xeb\x10\xb2\
\xc1\x010I\xca\xd5\xe0r\x00\xbf\xb6\xee\xd8\x8d%\xad\
\xa9\xf4\xaf\x16/^\xbc\x87u\x08\x11M-\xdf\xf3.\
\x06\xe4l\xeb\x0e\xb2\xc3\x010y\x14\xe9\xd4\x99\x00\xd6\
Y\x87\xec\x8a\x00\x87\xd4\xfa\x06n^2o\xde\x0c\xeb\
\x16\x22\x9a\x1a\x05\xcf\xbb\x08\x8aOXw\x90-\x0e\x80\
IT*\x95\x1e\x07\xf4]\x88\xefG\x03\x87\xe8a[\
\xa7M\xbb\xa1P(\xf0\xb3\xbfD\x0d\xcews\x1fW\
\xc5\x05\xd6\x1dd\x8f\x03`\x92\x95\xc2\xf0f@\xaf\xb0\
\xee\xd8\x1dU\xbcF\x07k\xd7\xf0\xb9\x01D\x8d\xab\xe0\
\xba\x9f\x06\xf4+\xd6\x1d\x14\x0f\x1c\x00S\xa0}\xe6\xcc\
\x8f\x01\xb8\xdf\xbac\x04N\xee\xdb\xd2\xfb\xbf\x99Lf\
\x9au\x08\x11M\xac\xbc\xe7\x9d\xaf\x90/ZwP|\
p\x00L\x81\xae\xae\xae\x81\xba\xe0M\x00\xd6Z\xb7\x8c\
\xc0\xb1m\xe9\xf4-\x85BaO\xeb\x10\x22\x9a\x18\xf9\
\xac\xf7IQ|\xd9\xba\x83\xe2\x85\x03`\x8a\x04A\xf0\
\x98@\xdf\x0c`\xc0\xbae\xb7\x14G\xe8`\xfd\x8e\x03\
\x16,\x98c\x9dBD\xe3\x22\xbe\x9b\xfb\xaa\x08.\xb6\
\x0e\xa1\xf8\xe1\x00\x98B\xc50|@\x13s\xe5\xadv\
\x0e\xa6[\xeev]\xf7y\xd6%D4&\xe2\xbb\xee\
e\x80~\xd4:\x84\xe2\x89\x03`\x8a\x95\xab\xc1e\x02\
\xfc\xd8\xbac\x84\x9e\xdf\x02\xb9\x83\xb7\x0d&J\x96\x8e\
\x8e\x8e\xd6\x82\xeb\xfd\x10\x90s\xad[(\xbe8\x00\x0c\
l\x1d\x1c8\x1b\xc0\x0a\xeb\x8e\x91P\xe0\x80Z*}\
\x0f\x1f D\x94\x0c\x1ds;f\xf6\xf7\xf6\xfeR\x81\
\xb7Y\xb7P\xbcq\x00\x18X\xbbv\xed\xd6\xba\xe0\xf5\
\x00z\xac[FB\x80\x5cJq\x7f\xc1\xf3\x8e\xb2n\
!\xa2\x9d;`\xc1\x829}\xd3{\x7f\xc3{\xfb\xd3\
Hp\x00\x18\x09\x82 \x10\xc1\xdb\x01\xadY\xb7\x8c\xd0\
^\xaa\xb8\xa5\x90\xcd\x9dn\x1dBD\xcfUX\xb8\xd0\
\x1fL\xb5<\x00\xe0\xe5\xd6-\x94\x0c\x1c\x00\x86\x8aA\
p\x8b\x00\xef\xb5\xee\x18\x85V\x15\xbd\xba\xe0y\x17\x02\
\x10\xeb\x18\x22\xda\xcew\xdd\xa5\xea\xa4\xee\x87`\x91u\
\x0b%G\xca:\xa0\xd9=\xb1y\xf3\x1f\xf7\xdek\xf6\
t\x00\x87Y\xb7\x8c\x90\x008j\xefY\xb3\xbd\xf9\x99\
\x05\xbfZ\xbf~}\xdd:\x88\xa8\x99\xf9\x9ew\x1a \
7\x00\x98e\xdd\x12[\x82\xbfn\xdc\xb4\xe9Z\xeb\x8c\
\xb8\xe1\x19\x80\x18(\x05\xc1\xa7 Xf\xdd1*\x82\
3\xfb\xb6l\xfd\x95\xe7y\xb3\xadS\x88\x9a\x94\xf8n\
\xee\x8bP\x5c\x03\xa0\xdd:\x86\x92\x87\x03 \x1e\xa2:\
p& \xf7Y\x87\x8c\x8e\x1e\x9dR}(\x97\xcb-\
\xb1.!j&\x8b\x17/\xde\xc3w\xbd\xeb\x00\xfd\xb4\
u\x0b%\x17\x07@L\x04A\xd0\xd7R\x1bx=\x80\
U\xd6-\xa3#\x05'\xd2\x07}\xcf{\xa7u\x09Q\
3\xc8g\xf2\x8bj}\xfd\x0f\x00x\xa3u\x0b%\x1b\
\x07@\x8c<\xb2fM\x8f\xd6\x9d\x13\x91\x90\x8f\x07\xee\
\xa0\x1d\x8a\xff\xf1=\xef\xd2\xce\xce\xce\x16\xeb\x18\xa2F\
U\xc8\xe6N\x92T\xf4\x10\x80\x0e\xeb\x96Q\x8a\xac\x03\
\xe8\xb98\x00b\xa6\xdc]~T\xd59\x19@\x9fu\
\xcb\xa8)\xce\xdb\xd4\xd3s\xbb\xe7y\xfbY\xa7\x105\
\x98\x94\xef\xba_P\xd1\x9f#y\x17\xfb\xadW\xc5E\
\xd6\x11\xf4\x5c\x1c\x001T\xae\x96\xef\x15\xc1\xc9\x00\xfa\
\xad[FMqDJ\xf1g\xdfu_i\x9dB\xd4\
\x08|\xdf\xdf\xb7\xe0y7\x03\xf2Y$\xefg\xf6\x93\
\xd0\xe88\x07\xf27\xeb\x10z\xae\xa4}35\x8db\
\x10\xdc\xa2\xd0\xb7%\xe8FA;\xda\x17\xc0o\x86\xee\
\x17\xc0\x8f\x9a\x12\x8d\x91\xef\xba\xafD\xad\xfe\xa7\x84\xde\
\xd9o\xab\xe3\xc8I\xa5ju\xb9u\x08\x0d\x8f\x03 \
\xc6\xcaax=D\xce\x06\xa0\xd6-\xa3'iU|\
\xcew\xbd\xdb\xf3\xf9|\xd6\xba\x86(I:;;[\
|7\xf7E@n\x03\x90\xc4'r\xf6G*'?\
Z\xa9\xdcm\x1dB;\xc7\x01\x10s\xa5 \xf8\x9e@\
?`\xdd1\x0e\xaf\x90z\xf4p\xdeu\xdfn\x1dB\
\x94\x04\x8b]7\xb7iC\xcf]C\x1f\xf1K\xe2\xcf\
\xe8\xba\xa8\xbc\xa3R\xad\xdcj\x1dB\xbb\x96\xc4o\xae\
\xa6S\x0c\xc3o\xa8\xe0\xc3\xd6\x1d\xe3\xb0\xa7@~\xe8\
{\xde2\xde8\x88h\xe7\xfcl\xee\x8c\xda\xf6'\x85\
.\xb5n\x19#U\xe89\xc5j\x85w\xddK\x00\x0e\
\x80\x84(\x07\xc1\xa5\x80~\xc1\xbac\x5c\x14\xa7\xa4\x14\
\xffW\xf0\xbcC\xadS\x88\xe2\xc4u\xdd\xe7\xf9\x9e\xf7\
\xbf\x10\xfd> 3\xad{\xc6HU\xf0\xber\x18~\
\xd7:\x84F\x86\x03 AJax\x81\x02\xffi\xdd\
1N\xbe*\xee\xcd\xbb\xb9\xff\x98?\x7f\xfet\xeb\x18\
\x22k~6wF\x0b\xe4/P\xbc\xce\xbae|\xe4\
\x13\xe5 \xf8o\xeb\x0a\x1a9\x0e\x80\x84)\x87\xc1G\
\x1b`\x04\xa4\x04\xfa\x91i-\xad\x0f\xe7\xb2\xb9$^\
\xddL4n\xfbg2\x0b|7\xf7K\x88~_\x81\
\xbd\xad{\xc6AE\xf0\x91RX\xf9\xaau\x08\x8d\x0e\
\x07@\xf2h9\x0c>\x92\xf8\xb7\x03\xb6\xcb;\xa2\xb7\
\xf8Y\xef{\x99L&\xc9?\x00\x89F\xc3\xc9{\xde\
{\xeb\xa9\xf4_\x00=\xc1:f\x9c\x22\xa8\xbc\xb7\x18\
\x04I\xff\xa5\xa4)q\x00$T)\x0c/\x00\xe4\x13\
H\xe4G\x04\x9fA 8\xb3-\x95\xfe\x9b\x9f\xcd\x9d\
a\x1dC4\x99r\xb9\xdc\x12\xdf\xf5\xee\x15\xc5\x95\x00\
\x92~Al\x1d\x82w\x97\xaa\x95\xab\xacChl8\
\x00\x12\xac\x14V.\x19\xfa\x88`\xd2G\x00\x00\xec\x0b\
\xd1\xef\x17\x5c\xf7\xc6\xc2\xc2\x85\xbeu\x0c\xd1DZ2\
o\xde\x0c\xdfu/q\xa2h9\x80\x97[\xf7L\x80\
\x01@O)\x05\xc1\xf7\xadCh\xec8\x00\x12\xae\x18\
\x86\xdfP\xe8\xe9\x09\xbdc\xe0s(\xe4DuR\x7f\
\xf3=\xef\xb2B\xa1\xb0\xa7u\x0f\xd1x\x15\xb2\xb9\x93\
z\xdb\xa7u\x01\xf21@\xd2\xd6=\x13\xa0_\x229\
\xa5\x14\x867X\x87\xd0\xf8p\x004\x80r\x18\xfeX\
\x22\xe7MH\xe2\xb3\x03\x86\xd7\x02\xc5\x07up\xb0\x94\
\xcfz\xe7\x81\xb7\x13\xa6\x04*\xb8\xee\xc1\xbe\xe7\xdd\xad\
\xa2\xbf\x00\xe0Z\xf7L\x04\x05zU\xa3\x13\x8a\xab+\
\xbf\xb0n\xa1\xf1\xe3\x00h\x10\xc5\xd5\x95_(\xf4M\
H\xe2S\x04wJ\xf6\x11\xc1\xa5\xbe\x9b{0\x9f\xcd\
\x1fn]C4\x12\x8b\x17.\x9c_p\xbd\xef(\xe4\
!(\x8e\xb0\xee\x99@\x1bS\x82\xa3\xcb\xd5\xea\xed\xd6\
!418\x00\x1aH9\x0co\x82F\xaf\x06t\x83\
u\xcb\xc4\xd2N\x91\xe8n?\xeb]\xe3y\x9eg]\
C4\x9cB\xa1\xb0\xa7\xef\xe6\xfem\xd0I\xadR\xe0\
\xddh\xa8\x9f\xaf\xda\x1d9r\xd4\xa3A\xf0\xa0u\x09\
M\x9c\x06\xfa\x06%\x00(U\xab\xf7\xa5T\x0f\x01\xb0\
\xd2\xbae\x82\x09\x04\xa7\xa5\x14\xab|\xd7\xbdz\xb1\xeb\
\xe6\xac\x83\x88\x80\xa1\x07\xf7ds\xe7\xe8`m\x15\xa0\
\x9f\x11`\x86u\xd3\x04[\x81tzi\xa5RYa\
\x1dB\x13\x8b\x03\xa0\x01\xad\xaaV\xcb-\xb5\xc1\xc3\x00\
\xb9\xcf\xbae\x12\xb4\x00\xf2\x8e\x1a\xe4\xaf\xbe\xe7]\x9a\
\xcb\xe5\xe6Y\x07Qs\xea\xec\xecl)\xb8\xeeY\x1b\
7\xf4\xac\x84\xe87\x014\xdc\xf7\xa2@\x7f\xd9\xbeu\
\xc6a\xa5Ri\xb5u\x0bM<\x0e\x80\x06\xf5\xc8\x9a\
5=\xd2\x92:Z ?\xb2n\x99$\xedP\x9c\xe7\
DZ\xf6=\xef2\x0e\x01\x9a*C\xbf\xf1\x9f\xb1i\
}O\x97B\xbe-@c\x9e\x8d\x12\x5c\x95\x09\xc37\
t\xad\xef\xdab\x9dB\x93\x83\x03\xa0\x81\x15\x8b\xc5\xfe\
bXy\x87(.\xb6n\x99D\xd3\xa1\xf8\xa0\x13\xe9\
\xa3\xbe\xeb~\xa1P(\xcc\xb5\x0e\xa2\xc6T(\x14\xda\
\xfcl\xee\x9c\xa1\xdf\xf8\xbf\x0f\xc1\x22\xeb\xa6IR\x87\
\xe2\xbcR\x10\xfc\xcb]@C|\xbc\x98\x86\xc7\x01\xd0\
\xf8\xb4X\x0d>\xa5\xd0\xb3\x00\x0cZ\xc7L\xa2=\x00\
\xf9\xac\x0e\xd6V\xfb\xae{\xf5\x22\xd7=\xd0:\x88\x1a\
\xc3\xe2\xc5\x8b\xf7\xc8g\xbd\xf3t\xb0V\x82\xe87\x1b\
\xf67~l\xff\x98\x9fD\xf2\xc6R5\xb8\xdc\xba\x85\
&\x1f\x07@\x93(\x87\xe1w\xc5\x91\x13\x01l\xb4n\
\x99dm\x80\xbc#\x82\xfc\xc5w\xbd\x1b\xfcl\xf60\
\xeb J\xa6\xc2\x82B\xc6\xf7\xbc\x7f\xaf\xf5\xf5w\x8b\
\xe0R\x00\x0b\xac\x9b&\xd9Z\x07z$?\xe3\xdf<\
8\x00\x9aH\xb1R\xf9MJ\xa3\x97\x08\xf0g\xeb\x96\
)\xe0\x008\x19\xe2\xdc\xeb\xbb\xde\x03y\xd7}\x13\xf8\
\xfdN#\x90\xcf\xe6\x0f\xf7=o\x99\xa6\x07+P|\
\x02@\xc3\xdf\x91R\x14\xbf\x97Z\xfa\x90b\x18\xfe\xc1\
\xba\x85\xa6N#\xdc\x96\x92FaU\xb5Z\x9e?\x7f\
\xfe\xd2\xf6\x96\x96o\x0a\xe4t\xeb\x9e)r\xa8@\xae\
\xf3]\xaf,\x82o\x0f\xaa~/\x0c\xc3\xbf[GQ\
|d2\x99i\xad\xe9\xf4[Dq.\x10\x1d\xb4\xfd\
\xe9\x1ab\x9d5%\x04\xb8\x12\xad\xe9\x0f\x17\x8b\xc5F\
\xb9\x93(\x8d\x10\x07@\x13Z\xbbv\xedV\x00\xef\xf0\
\xb3\xb9{ \xfau\x00\xad\xd6MS$\xaf\x8a/\xa5\
!\xff\xe6\xbb\xee\x1d\xa2\xceU\x99j\xe5\x86\xbbx\xa1\
S\xd3Z\xe4\xba\x07\xaa\xc8\x99\xaax\x0f\x14s\xac{\
\xa6X\x9f@?P\x0c\xc3\xefX\x87\x90\x0d\x0e\x80&\
V\xaaV\xae\xf2\xb3\xd9.\x88s-\x80\xe7Y\xf7L\
!\x07\x90W\xab\xe8\xabW\xbbnwA\xe4;\x91\xe3\
|\xb7\x5c.W\xad\xc3h\xf2y\x9e7;\x15\xc9)\
\x02}O\x04\xbc\xac!\x9e\xa59Z\x8aG5r\xde\
T\xea.?l\x9dBv\x9a\xe3\x1c\x17\xed\x92\xeb\xba\
\xcfK\x03\xcb\x00i\xe6\xfb\xedGP\xdc\x0a\x07?\xa9\
\x03\xff\x1b\x04\xc1&\xeb \x9a8\x1d\x1d\x1d\xad\xfd\xbd\
\xbd\xc7E\xaa\xa7\x0b\xe4D\x00\xed\xd6M\x86n\x90\x96\
\xf4;\x8b\xc5\xe2\x93Su\xc0B6w\x8a\x8a.\x9b\
\xaa\xe3=\x87\xe0\xdaR\x10\x9cjv\xfc\x98\xe2\x19\x00\
B\x18\x86\x7f\xef\xec\xec|\xd5\xa6\x9e\x9eK\xa0\xf8 \
\x9as\x18:\x10\x1c\x03\xc51)\xa0?\xefy\xbf\x81\
\xeaO[\xda\xdb\x7f\xb1r\xe5\xca\xa7\xac\xe3hLR\
\xf9l\xf6(\x81sJ\xff\x96\xdeS\x14\xd8[\x9a\xf2\
[\xfbiZ\x03\x9cO\x97\xc2\xcaW\x81\xa6<\xefA\
\xcf\xd2\xcc\x7f\x1ah\x18y\xd7=^ \xdfE\x03\xde\
\xd6t\x8c\xb6\x01\xb8\x19\x82e\xdb\x06\x06n\x1c\xba~\
\x82b\xaa\xb3\xb3\xb3esO\xcf\xabT\xf5\xcd\x00N\
\x06d\x1f\xeb\xa6\x98xL\x04o)\x06\xc1o-\x0e\
\xce3\x00\xf1\xc43\x00\xf4\x0c\xe50\xfc\x95\xef\xfbK\
P\x8b\xbe\x0b\xe8\x09\xd6=10\x0d\xc0\x1b\xa1x\xe3\
\xb4\x96\xd6\xad\xbe\x9b\xbbS\x10\xdd\x8c(\xfauq\xf5\
\xea\x92u\x1c\x01\xfb\xcf\xdf\x7f\x9f(=x\x9cBO\
\xd8\xb4\xa1\xe7\x18\x00\xb3\xf9\xbb\xcd\x0e\x14\xff\x8b\x96\xd4\
9\xc5R\xe9q\xeb\x14\x8a\x17\x0e\x00z\x8e\xd2\xf6\x1f\
\x14'\xf9n\xee\xfd\x80~\x05\xdb_\x04\x09\x98\x0e\xe8\
\x09\x0a9\x01N\x0a~\xd6{\x14\x0en\x06ps\x7f\
\xad\xf6\xdb\xee\xee\xeem\xd6\x81M\x22U\xf0\xbc\x97\xaa\
\xca\xab\x01=\xbe\x8e\x81\x97\x01HYG\xc5\xd0S\x0a\
\xfdP\xb9\x1a~\xd7:\x84\xe2\x89\x03\x80vFKa\
\xe5\x8aB6{'\xc4\xf9\x91\x02/\xb2\x0e\x8a\x1d\xc1\
\x22(\x16\x01\xf8`[*\xbd\xcdw\xbd\xdf\x02r\xbb\
 \xba\xafm\xe6\xcc\xe5]]]\x03\xd6\x89\x0dB\x0a\
\xd9\xec\x81\x8a\xd4\xd1\x80\x1e\x0d\xc1Q\xaa\x98\xc5\xb7\xb1\
wApOZ\xf5\xcc\x95aX\xb1N\xa1\xf8\xe2\x00\
\xa0]*V\xab]\x9d\x9d\x9d/\xdd\xdc\xd3\xf3\x19U\
\xfc+x7\xbd\x9d\x99\x06\xe0X@\x8fU\x08\xfa\xb6\
\xf4\x0e\xfann\x05D\xef\x93H\xeeuj-w\xae\
Z\xbbj\x83ud\x12tvv\xb6lZ\xbf~\x89\
\xc29\x5c\x1c\x1c\x06\xd5W*d\x1f\xbe\xe0\x8f\xc8\xa0\
\x08\xbeT\x0c\x82/\x00\xa8[\xc7P\xbc\xf1\x8d2\x1a\
\xb1\x5c6\xf7\x1aG\xf4[\x00\x5c\xeb\x96\x04R\x00\x7f\
\x05\xf4\x01\x01\xfeX\x8f\x9c\x875\xa5\x0f7\xfb\xc7\x0d\
\x0b\x85B[\xd4\x1f-\x91Tt0T;\x01\xe9\x04\
\xf0B\x00-\xd6m\x09\xb4\x22r\xe4\x1d\x95Je\x85\
u\xc8\xb3\xf1\x22\xc0x\xe2\x19\x00\x1a\xb1J\xb5rk\
\xc7\xdc\x8e\x17\xf4\xcd\xe8\xfd\x22\x14\x1f\x00\xcf\x06\x8c\x86\
\x00\xe8\x00\xa4C\x018\x8e\x02\x0a\xf8\xae\x17\x02\xf2\x17\
U]!\x0eVH\x14=\x9c\xa9VW\xde\xd5`w\
'<\x0aH\x87\xb9\x9c/Q\xf4\x02\x81\xf3|\xa8v\
\xc0\xc1\xf3u\xb0v\x808hi\xa6[\xefN\x82\x08\
\x82\xafJ:}A\x85\xb7\xf3\xa5Q\xe0\x9f8\x1a\x93\
\x82\xe7\x1d\xaa\xaa\xdf\x02\xe4\x05\xd6-\x8dGk\x80t\
\x03\x08\x04\xa8D\x8a\xc0\x81T\x22H%\x1d\x0dTV\
uw\xafE\xfc\xce\x87\x8b\xe7y\xf3RQ\xb4@4\
\xb5\x00)\xf5#\x15_\xa0>\xa0\x05@\x5c\xf0\xb7\xfa\
\xc9\xb0B\xa0\xef-\x86\xe1\x03\xd6!\xbb\xc23\x00\xf1\
\xc43\x004&\xc5 \xf8]GGGg\xdf\x96\xad\
\x9f\x04\xf43\x00\xda\xac\x9b\x1a\x87\xa4\x01x\x00<\x05\
\x8e\x12\x01\x14\x0a\x81\xa2\x9eJ\xc3w\xbd~\x00\x8f\x01\
\xe8\x81b\xbd\x08z\x14\xda\xa3*=\x22\xd2\xa3\xa2=\
\x1a\xc9\x06\x07\xf5'\x00\x00\xda\xd2\x9f\x92\xc1\xad\x00\xe0\
\xd4\xeb\x9b\xb7\xa6R\xd1\x1e\xdb\xf6\x18\xecZ\xdf\xb5\xe5\
\xe9#\xe6\xf3\xf9Y\xb5Z\xcd\x01\x80\x96\x96\x96\x96\xd4\
\xe0\xe0Lu\x9c=UuZ\xa4\xa9\x19\x90\xfa,\x88\
\xec)*\xfb\x00\xd1\x5c\x81\xccQ\xc5\x1c\x08\xe6B\xb1\
\x10\x82\xfd\xa0h\x818P\xd9~vC\xfe\xb1Q\xf8\
{\xc6DS\xa0W \x17.\x0c+\x97\xde\xd5`g\
\x8bh\xea\xf0O&\x8d\x9b\x9f\xf1\x0bH\xd5\xaf\x02\xf0\
J\xeb\x16\xa2F'\xd0_\xd6\x1d\xe7\x03\x95J%\xb4\
n\x19)\x9e\x01\x88\xa7\xff\xdf\xde\x1d\xc5Hu\x96a\
\x1c\x7f\xde3\xb3\xc0\xd66 \xbbm\x94.\xbb\xb3\xbb\
tiYmm\xb1&\xa5\xa4@\x95 \x89\xadA\xcd\
\xb6\xb1\xb1j\xa3\xd1\xb41%^q\xab\xd1\x8bz%\
\x8d\xb6\xf1\xc2\xb4Zk\x82\x84\xc6@c\xa9!ZQ\
,\xd4\x80\xd0f\x95\xb2\xe7\xcc|gXl\x10\x0b\x01\
\x5c\xbaew\xce\xeb\x05\x984\x15,\x94\xdd93;\
\xff\xdf\xfd\x9c\xf7I\xe6b\x9e9\xe7\xfb\xbe\xc33\x5c\
\x5c\xb1d4\x89\x934|\xca\xe4\x8fH\xaa\xdb\xf9\xe2\
@Kq\x1d\x96i]\x9c\xa6\xf74\xd3\x8f?\x1a\x17\
\x05\x00S%\x8b\xd3\xf4\x89\xb6\xc9\x89>\x99\x1e\x17[\
\x90\x80)\xe2\x932=^l\x9f=\x98\x84\xf0\xeb\xbc\
\xd3`\xe6\xa0\x00`J\x1d<r\xe4\xcd$\x84GM\
\xfe\x09\x99\xfe\x98w\x1e\xa0\xc9\xed\x8e\xccnOBx\
\x94\x97Ra\xaaQ\x000-\xe24\xdd\x97\x84p\x97\
\xb9\xdd\xeb\x12\xa7\x91\x01\x97\xa7*\xb7/'iX6\
\x12\xc2\xfe\xbc\xc3`f\xa2\x00`Z\xc5\xd5\xca\xb6\xf6\
\xab?p\xa3\xbb\xd6K\xe2\x1f\x0c\xf0\x7f\x98t\xdc]\
\x1b\xac\xad8\x90T+?W\xe3m\xf7\xc4\x0cB\x01\
\xc0\xb4\x1b\x1e\x1e>[\xae\x86\x8d\x85\xda\xe4M\x92?\
#)\xcb;\x13\xd0`\xc6\xcd\xf4\xd8\xa4\xa9\xbf\x5c\x0d\
\x8f\xc5\x1c\xe8\x83:\xa0\x00\xa0n\x0e\x8d\x8e\x1eI\xd2\
\xf4A\xf3\xecf\x996\x8b\x7f7\x80\xcb\xb4\xb9(_\
\x12\x87\xb0\xa1\xd5\x8f\x86F}Q\x00Pwq\xb5:\
\x9c\x840\xe4\xb5\xe8\x16\x8a\x00Z\x97\xef0\xf9\xd2$\
\x84!\xde\xda\x87<P\x00\x90\x9b\xf2h\xf9\xb5>?\
\x08\x95\x00\x00\x05\xf2IDAT$\x84!3-3\
\xf9\xf3y\xe7\x01\xea\xc3v\x99\xdb\xbdI\x9a\xae\x8e\xd3\
\xf4\xafy\xa7A\xeb\xa2\x00 wq\x08\xbb\xe34\xbd\
G\x9e-\x97\xf4\xfb\xbc\xf3\x00\xd3\xc3w\x98\xe9\x8e$\
\xad,\x8f\xab\x95my\xa7\x01(\x00h\x18I\xb5\xba\
+I\xc3\xdd\x16\xd9\x1aI/\xe5\x9d\x07\x98\x02\x99L\
\xbf\xca\x22\xfbX\x92\xa6\xab\xe3\x10v\xe7\x1d\x08\xf8/\
\x0a\x00\x1aN\x5c\xa9\xfc6I\xc3\xaa\xc8t\xeb\xb9]\
\x03\xce\xcbN\xd0l2\x996G\xf2\x8f$!\xdcW\
\xa9T\x0e\xe4\x1d\x08x7\x0a\x00\x1a\xd6H\x08\xfb\x93\
4}\xb0fv\x83L\x1b%\xff\xf7{\x7f\x0a\xc8\xd5\
\x19\xb9~R\x94/JB\x18\x1aI\xd3\xbf\xe7\x1d\x08\
\xb8\x18\x0a\x00\x1a^\x08!$!\xac\xb7\xb6\xb6\xeb\xdd\
\xb5^\xae\xc3yg\x02\xde%q\xd7\x86\xb6\xc9\x89\xee\
\xa4\x1a\xbe\xc9\xaa~4\x83b\xde\x01\x80K\x15\xc7\xf1\
)I\x1b\x07\x07\x07\x9f\x1c\x1f\x1b\xfb\xa2\x5c\xdf\x92t\
[\xde\xb9\xd0\xb22I\xdb%\xffQ\x92\xa6/\x8a\x03\
\xae\xd0d(\x00h:\xc3\xc3\xc3g%=-\xe9\xe9\
E\xdd\xdd\x83\x8a\xa2/\xc9\xf5u\x97\xe6\xe7\x1c\x0d\xad\
\xe1\xa4L\x9b\x22\xf7\x1fr\x8b\xff\x12\xb9\xde\x96\xe58\
\xde\x9d\x93\x15/\x80G\x00hjq\xb5:\x1c\x87\xb0\
\xe1\xaa\xf1\xb7\xba\xdd\xf4\x90\xa4\x97\xf3\xce\x84\x19k\x9f\
\xc9\xbf\xf6vm\xf2\xc3I\x08\xdf\xe0\xc7\xff2\x14\xfc\
d\x9e\xe3M\xe2\x84\xc5\x0b\xe0\x0e\x00f\x84W\x8f\x1e\
\x1d\x93\xf4\x94\xa4\xa7J\xa5\xd2\x8dE\xe9+\xeezH\
\xd2\xb59GCs;\x22\xd3\x16s\xffY\x9c\xa6\xfb\
\xf2\x0e\xd3\xac\xbcP(k\xb2\x96\xdf|\xb3$\xb7\xe1\
\x0d,\xc7\x9b2\xc0\xf4*\x95Js\x22i\x9dI\xf7\
\xcb\xb5F\xd2\xec\xbc3\xa1)\x9c4i\x8b\xcb\x7f\x91\
\xa4\xe9\x1f\xc4\xb3\xfd\xa9`\xfd=\xa5\xa3\xca\xa9\x90\x9b\
iU\x1c\xc2Ky\xccnd\x14\x00\xb4\x84\xbe\xbe\xbe\
\xb96\xe9\x9f\x95\xf9}\x92VKj\xcb;\x13\x1a\xca\
Y\x99\xb6[f\xcfNF\xbe5\x840\x9ew\xa0\x99\
\xa6\xbfT\xda$\xd7P\xbd\xe7\xba4\x16\xb5\x15;x\
\xc3\xe2\xff\xa2\x00\xa0\xe5tuu\xcd\x9fS(\xac\xcb\
\xdc\x86\xcc\xfcn\xc9x\x14\xd6\x9a&$\xdbi\xca\x9e\
+NNn:x\xe4\xc8\x9by\x07\x9a\xc9\xfa{z\
\xd6I\xf6\x5c\xbd\xe7\x9a\xf4\xcb8\x0d\x0f\xd4{n3\
\xa0\x00\xa0\xa5\x0d,\x18\xe8\xac\xcd:\xfby\xcf\xf49\
3\xdd%iN\xde\x990}L:.\xd9\x0brm\
\xcd\x8a\xf6b\xb9\x5c\xceuqZ+\x19\x1c\x1c\x9c5\
~z,\x96ia\x1d\xc7\xba\xc9\xef\x8c\xd3\x94\xc5\xc1\
\x17@\x01\x00\xce[\xb0`\xc1Us\xda\xdaVI\xd1\
Z\x93\x7fZR\x7f\xde\x990%^\x97|k\x14E\
\xcf\x8fT*\xbb$\xe5\xb7\x1a\xad\xc5-\xea\xe9y\xd8\
e?\xae\xd7<\x93m\x89\xd3\xca\x17\xea5\xaf\xd9P\
\x00\x80\x8b\xe8\xeb\xea\xbb\xc1\xa2l\xadLk%\xad\x90\
\xd4\x9ew&\x5c\x923\x92\xff\xd9\xa4\x17\xb2Za[\
y\xb4<\x92w \x9c\xb3R*\x1e\xee)\xbd\x22\xe9\
\xd6:\x8c\x9b\xf0Z4\xc8\xf7\x7fq\x14\x00\xe0\x12t\
uu\xb5\xcf.\x16W\xc8\xfd\x93\x92-\x93\xf4qI\
\xb3\xf2\xce\x05I\xd2iI\x7fr\xd3Ns\xdf9\xaf\
\xb3\xf3/{\xf7\xee\x9d\xc8;\x14.\xac\xaf\xafo\xc0\
j\xd9nI\x1f\x9c\xce9nz\xb8\x1c\xc2\x93\xd39\
\xa3\xd9Q\x00\x80\xf7a\xa5T<\xdc\xdd}\x8b+Z\
n\x91\xee\x94\xfb*\xc9:\xf3\xce\xd5\x22NK\xbe\xc7\
\xddvH\xd1\xae\xf6k\xda_9\x7f:$\x9aDo\
w\xef\xea\xc8\xb2\xdfL\xd7\x02\x5c\x97=QN+\x8f\
L\xc7\xb5g\x12\x0a\x0005lQw\xf7M\xb2\xc2\
2w_.\xd3\xed\x92\x0f\xb0\xc3\xe0\xca\xb84f\xd2\
\xab&\xedw\xb7\xfdYA{*\x95\xcakbo~\
\xd3\xeb\xeb\xe9y\xc0d?\xd5\x14\x9f\xcfa\xb2g\xe7\
v\xce\xff*w\x81\xde\x1b\x05\x00\x98&K\x97.m\
;y\xec\xd8\x80TX\xa2\xc8\x07\xe5\xbe\xd4eK$\
\xf5\xe5\x9d\xadA\x9d\x90\xeco2\xdf\xab\xcc\xf6\x9aj\
{\xe3j\xf5\xa0X\xb47c-\xea\xe9\xb9\xc3\xcfm\
\x0d\xfc\xd0\x14\x5c\xce\xcd\xf4\xdd8\x84\xefH\xf2)\xb8\
\xde\x8cG\x01\x00\xea\xac\xbf\xbf\xff:\x9f\xf0\x9b\xa3(\
\xfbh\xe66h\xf2^\x97zM\xbe\xb0\x05\xee\x18\x8c\
K*\x9b\xbc\xecfeeJ\x14\xe9\xd0\xa4\xfb\x814\
M\xdf\xc8;\x1c\xeao\xa0\xab\xeb\xfa\xacP\xfc\x81K\
\xf7\xeb}\xbe\x9f\xc6\xa4\x03.\xffv\x92\xa6\xbf\x9b\xe2\
x3\x1a\x05\x00h\x10+\xa5b(\x95\xba\x8aR)\
\x93z#\xa9\xe4\xee\xbd\x92z%\x95$\xbbN\x8d\xbf\
\xf0p\x5c\xd2?%\x8d\x9a\xac\xe2\xca\xca2K\xb2\x9a\
\x95\xdb|\xa2|ht\xf4\x1f\xe2\xdf\x19.`QO\
\xcfm.\xfb\x9e\xa45\xba\xd4\x22\xe0\x1aQ\xa4\xef'\
!<#\x1e\x0b]6\x0a\x00\xd0D\x16/^|\x8d\
\xc6\xc7;\xcfF\xd1\xb5Q\x96u\x98G\x1d\x99\xbc\xc3\
\xcc;L\xd6\xe9\xa6\x0e\xb9\xcf\x97,\x92l\xee\xb9O\
y\xbb\xce\x1fpd\xd2<\x97L\xf26\xc9\xae~\xc7\
\xa5\xcfHz\xe7Q\xa9\xa7\xe4:+\xb3SR\xf6\x96\
\xa4qSt\xd2\x95\x9d\x90t\xc2\xccN\xb8t\xdc2\
;n\x05\x1dU\x96\x1d\x9b0{#\x84\xc0[\xd7p\
E\xfa\xfb\xfb\x17z\xad\xf6\x19\xcb\xb4B\x91\x96\xc8\xd5\
%i\x9e\xe4c\x92\xfdK\xae\xd7]z\xb9\x10i\xfb\
H\x08{\xf2\xce\x0b\x00\x00\x00\x00\x00\x00\x00\x00\x00\x00\
\x00\x00\x00\x00\x00\x00\x00\x00\x00\x00\x00\x00\x00\x00\x00\x00\
\x00\x00\x00\x00\x00\x00\x00\x00\x00\x00\x00\x00\x00\x00\x00\x00\
\x00\x00\x00\x00\x00\x00\x00\x00\x00\x00\x00\x00\x00\x00\x00\x00\
\x00\x00\x00\x00\x00\x00\x00\x00\x00\x00\x00\x00\x00\x00\x00\x00\
\x00\x00\x00\x00\x00\x00\x00\x00\x00\x00\x00\x00\x00\x00\x00\x00\
\x00\x00\x00\x00\x00\x00\x00\x00\x00\x00\x00\x00\x00\x00\x00\x00\
\x00\x00\x00\x00\x00\x00\x00\x00\x00\x00\x00\x00\x00\x00\x00\x00\
\x00\x00\x00\x00\x00\x00\x00\x00\x00\x00\x00\x00\x00\x00\x00\x00\
\x00\x00\x00\x00h=\xff\x01q\xa6\xd6\xd6P\xa8;\x8e\
\x00\x00\x00\x00IEND\xaeB`\x82\
\x00\x00M\xeb\
\x89\
PNG\x0d\x0a\x1a\x0a\x00\x00\x00\x0dIHDR\x00\
\x00\x02\x00\x00\x00\x02\x00\x08\x06\x00\x00\x00\xf4x\xd4\xfa\
\x00\x00\x00\x09pHYs\x00\x00\x0e\xc3\x00\x00\x0e\xc3\
\x01\xc7o\xa8d\x00\x00\x00\x19tEXtSof\
tware\x00www.inksca\
pe.org\x9b\xee<\x1a\x00\x00 \x00ID\
ATx\x9c\xec\xddyx]U\xb9?\xf0\xef\xbb\xce\
\xc9\xd0\xe4$M\xcb<\x95\x22U\xc4*\x14\xd2\xa4-\
\x14H\xd3\x02\x22\xe0\x84\x15\x15\x11\xf1*\xfe\x9c\xefu\
\x9e\xad\x88\x0a\xce\xc3E\xee\xf5:\x0b*\x16\xb8*(\
\x17\xda\xa4\x81\x82\xd0\xa4\xa1\x22\x16\xa7\xaa\x8c2\x946\
mr2\x9f\xb3\xdf\xdf\x1f-\xd2\xd2\x0cg\xd8\xeb\xac\
\xb5\xf7\xfe~\x9e\xc7\xe7\xd16g\x9d\xafm\xcf\xd9\xef\
~\xd7\xb0\x05D\xe45]\xb925\xb8\xf5\x81\x03\x90\
\x0e\x0e@\xde\x1c\xa8\x22\xb3\x15\xda\x04\xd5&\x81i\x82\
\xd1&(\x9a\x00\xad\x83J\x06\x82\x19\x00j\x014\x8a\
\x22\xad\x82\xa6g\x0d\x99\x01P\xf5\xac_\x1b\x030\xb8\
\xe7/\x88b\x87\x0ar\x00\xfa\x01\x8c@1\x0c\xd1,\
 C\x10\xec@ ;D\xb4/\x80\xec\x10\x09v@\
\xcdv1\xf9\xad\xc8\x99\xad\xf5m=O\xca*\x04\xb6\
\xfeL\x88\xa8|\xe2:\x00Q\x92\xf5\xb5-hJ#\
}x \xe6Hc\x82\xc3\xa1r\xb8\x8a\xce\x11\x95C\
\x00\x1c\x0c\xe0@\x00\x07\x000n\x93\x16-\x00\xf0$\
\x80\xad\x00\x1eW\xd1\xc7D\xe5!\x88>\x12\x04\xe6\x11\
\xa3\xc1\x83\xe3i}x\xf6\xda\xde\x9d\x8es\x12%\x16\
\x0b\x00\x22\xcb\x86\xda\x97\x1c\x96\xd7\xdc<52\xcf@\
\x8fV\xc5<\x00\xf3\x00\x1c\x0d\xa0\xd1q<\xd7\xfa\x01\
\xfc\x0d\xc0\x16\x11l\x09\x02\xdd\x22\x22[L*\xb7\xa5\
~\xcd\xa6\x7f\xba\x0eG\x14g,\x00\x88B\xb2c\xe9\
\xd2Y\xa6vx\xbe\xe4\xcd\x0b`0\x1f\x01^\x00\xc1\
\xf1\xd8u\x07O\xc5\xeb\x07\xf0W\x85\xdc\x0f`3\xa0\
\xf7\x07\x06\x9bg\xae\xed\xf9\x87\x00\xea:\x1cQ\xd4\xb1\
\x00 *\x92\xae\x5c\x99\xda\xd9\xf7\xc0\x91&\xc0|\x81\
4\x0b\xb4Y\x81\xc5\x00\xf6w\x9d-!\xfa\x01\xdc\x07\
A\xaf\x04\xd2+\x90\xcdu\xfbg\xef\x93\xd5\x9b\xc7\x5c\
\x07#\x8a\x12\x16\x00D\xd3\xe8k[<\xb7\xca\xe4\x96\
(d\x11\x04\x8b\xa08\x0e@\x9d\xeb\x5c\xb4\x97!\x00\
\xf7\x02\xd8\x00\xd1\x0di\xcd\xdf5\xa3s\xd3\x83\xaeC\
\x11\xf9\x8c\x05\x00\xd1\x1et\xe5\xfc\xea\x81\xbe\xdaV\x04\
f\xa9\x88,\x86\xeab\x00\x07\xb9\xceE%y\x1c\x22\
\x1bTq\x174\xb8\xa3a\xff\xe1\x1ev\x09\x88\x9e\xc1\
\x02\x80\x12M\x9b\x9b\xab\x86\x1a\xd3\xc7\xe5EW\x18\xe8\
R\x05N\x05\x17\xe6\xc5\xd5\x10\x80M\x02\xdc\x01\x83\xb5\
\xf5\x83\xe9;\xe5\xae\xbb\x86]\x87\x22r\x85\x05\x00%\
\x8a\xae\x82\x19\xeaj=1/z\xba\x88\x9e\x0e\xc8I\
\x00j\x5c\xe7\x22'F\x01\xdc\xa9\xc0\x9a\x94\x9a5u\
\xa7m\xd8\xc4\xb3\x0b(IX\x00P\xec\x0d\xb5/9\
,'\xf9\x17\x8b\xea\x19\x00\x96\x03\xd8\xcfu&\xf2\xd2\
S\x00\xd6\xaa\xea\x9aT:\xff\x7f\xdc\x86Hq\xc7\x02\
\x80bi`Y\xcb|\x159G\xa0\xe7\x028\x09\xfc\
\xb7N\xc5\xbb_\x80\x1b\x03\x13\xdc\xd4\xb0\xb6\xf7Nn\
=\xa4\xb8\xe1\x97\x22\xc5\x82\x9e5\xaf\xa6\x7fd\xf6\x0a\
#\xfar\x08\xce\x86\xe2\x10\xd7\x99(V\xfe\x09\xe0\xd7\
F\xf5\x17u\xfb\x0f\xaf\xe5bB\x8a\x03\x16\x00\x14Y\
\xda\xd6V;`\x06O\x07d\xa5@_\x0a`\xa6\xeb\
L\x94\x08C\x02tBe\xf5\x90\x0e\xdep`\xd7\xe6\
\xac\xeb@D\xa5`\x01@\x91\xa2mm\xb5Y\xc9\x9e\
\x0d\x91\xf3\x05x\x89\x02\xf5\xae3Q\x92I\x16\xd0\xdf\
@qmF\xeb\x7f#]]#\xae\x13\x11\x15\x8a\x05\
\x00yOW\xc1\x0c\xdc\xd1|\x92\xa8Y\x09\xc5\xeb\xc0\
\x13\xf7\xc8O;\x15\xf2+@W7\x04\xf57KW\
W\xceu \xa2\xa9\xb0\x00 oe\xdbZ\x16\xa8\xc1\
E\x10\x9c\xcf9}\x8a\x98\x7f*\xe4Z\xa3\xf8af\
]\xf7\xbd\xae\xc3\x10M\x84\x05\x00y\xa5\xafmAS\
Z\xaa^\x0d\xc1\x1b\x00\x9c\xec:\x0fQ\x08\xeeW\xc8\
\x8fd|\xfc{\x0d\xeb7mu\x1d\x86\xe8i,\x00\
\xc89]\x053t\xfb\xc23\x03\xc8\xc5\x00^\x0a\x1e\
\xccC\xf14\x0a\xe0\x97\xa2\xf2\xbd\xfa\xd3\xba\xd7\xf0\xd0\
!r\x8d\x05\x009\xd3\xd7\xb6\xa0\xa9*Uu\x11\x02\
\xbcG\x05G\xb9\xceCTA\x8f\x02\xf2\x1d\x8c\x8f_\
\xc9\xae\x00\xb9\xc2\x02\x80*np\xd9\xa2\xe6\xc0\x04\x97\
@q!\x80\x19\xae\xf3\x1094\x06\xe0\x97b\xf0\xed\
\xfa\xb5=\x1d<l\x88*\x89\x05\x00U\x84\xb6\xb5\xd5\
\x0eH\xf6u\x22\xf2n\x00\xc7\xbb\xceC\xe4\xa1{\x15\
\xf8zCM\xdfO\xe4\xe6-\xa3\xae\xc3P\xfc\xb1\x00\
 \xab\xb2\xcb\x17\x1d\x14\xa8\xbeQ\xa0\xef\x06p\xa8\xeb\
<D\x11\xf0\xa4\x00\xdf7\x81\xf9\xcf\xba\xae\x0d\x8f\xb8\
\x0eC\xf1\xc5\x02\x80\xac\xc8\xb6\xb5,\x08\x8c\xbcW\xa0\
\xe7\x03\xa8v\x9d\x87(\x82FU\xf13\x03\xf9*\xb7\
\x12\x92\x0d,\x00(T\xfd+\x9a\x97\x9a\xc0|H\x81\
\xb3\xc1\x7f_Da\xb9S\x81+\x1a;{nt\x1d\
\x84\xe2\x83_\xd0T6\x05d\xa0\xbd\xe5\x1c\x01>\x02\
`\x89\xeb<D1v\x8f\xa8|\xbd~\xff#\xaf\x91\
\xd5\xab\xf3\xae\xc3P\xb4\xb1\x00\xa0\x92\xe9\xca\x95\xa9\xc1\
\xed\x0f\xbcVU?\x0a\xc8\xb1\xae\xf3\x10%\xc8\xfd\xa2\
\xf2\xd9\xfa\xd3\xba\x7f\xc6\xf3\x04\xa8T,\x00\xa8h\xba\
\x0a&{{\xeby\x80^\x0a\xe0\xf9\xae\xf3\x10%\xd8\
\xdf\xa1\xb8\x22\xa3\xf5\xdf\xe3\xb3\x07\xa8X,\x00\xa8`\
{\x5c\xf8?\x03\xe0\x18\xd7y\x88\xe8_X\x08P\xd1\
X\x00\xd0\xb4\x14\x90\xec\xb2\x96\x95\x10|\x06\xc0\xf3\x5c\
\xe7!\xa2I\xfd\x09\xa2\x9f\xc8tl\xbc\x9e\x87\x0a\xd1\
tX\x00\xd0\x94\xb2+ZVh\x80\xcb\x014\xbb\xce\
BD\x05\xbb\x0f\x90\xcf4tv\xafv\x1d\x84\xfc\xc5\
\x02\x80&\xb4\xb3}a\xab\x81|\x1e@\xbb\xeb,D\
T\xb2;U\xe4#\x8d\x1d\xdd\xeb]\x07!\xff\xb0\x00\
\xa0\xbd\x0c\xafh\x9e3\x1e\xa4.\x13\xe8\xeb\xc1\x7f\x1f\
D\xb1 \xc0M\xe3A\xea]\xb3\xba\xee~\xc0u\x16\
\xf2\x07\xbf\xe0\x09\x00\xb0c\xe9\xd2Y\xe9\xea\xd1\x0f)\
\xf0\x1e\x00\xb5\xae\xf3\x10Q\xe8\x86\x05\xf8\xc6P0t\
\xd9\x81]\x9b\xb3\xae\xc3\x90{,\x00\x12N\x9b\x9b\xab\
\xb2\x8d\xe6\xe2\xdd\x0b\xfc\x0et\x9d\x87\x88\xac{TT\
>Z\xbf\xae\xfb\xc7\x5c(\x98l,\x00\x12l\xa0\xbd\
\xb5\x1d\xd0o\x00\x98\xef:\x0b\x11U\x96\x02=\x10y\
OcG\xf7]\xae\xb3\x90\x1b,\x00\x12h\xa8m\xd1\
\xe19\xa3\x9f\x13\xe8\x85\xae\xb3\x10\x91S\x0a\xe0\xbaT\
\x1a\xef\xab\xbb\xb5\xe7a\xd7a\xa8\xb2X\x00$\x88\xae\
\x9c_=\xb8\xbd\xeem\xaar\x19\xa0\x19\xd7y\x88\xc8\
\x0f\x02\x0c*\xe4K\x99\xa0\xeer\xe9\xea\x1aq\x9d\x87\
*\x83\x05@B\xec\xde\xcf\xff_\x00\x8ev\x9d\x85\x88\
|%[\x00\xbc\xb5\xa1\xb3\xbb\xd3u\x12\xb2\x8f\x05@\
\xcc\xf5\xb5-hJ\xa7\xaa\xae\x80\xe2-\xe0\xdf7\x11\
\x15f\xb5\x8a\xbc\xad\xb1\xa3{\x9b\xeb d\x0f/\x08\
1\xd6\xdf\xder\xae\x00W\x018\xccu\x16\x22\x8a\x9c\
'D\xe5\x83\x99u\xdd?r\x1d\x84\xec`\x01\x10C\
\x83\xa74\x1f\x12T\x9boBq\x9e\xeb,D\x14m\
\x02\xdcd\xd2x;\x17\x09\xc6\x8fq\x1d\x80\xc2\xb3\xeb\
\xa1=\xado\x08\xaa\xcc\x1fx\xf1'\xa20(pN\
>\x87\xfb\xb2\xcb[\xde\xa3\xabx\xcd\x88\x13v\x00b\
bG{\xf3\xd1)\x98o\x83g\xf7\x13\x91-*w\
\xa8\xe6\xdf\xd2\xd8\xd5\xfb'\xd7Q\xa8|,\x00\x22N\
\xdb\xda\xd2\x03\xa9\xec\x07E\xe5\x13\xe0\x11\xbeDd\xdf\
\x88*.m\xd0\xfa/JWW\xceu\x18*\x1d\x0b\
\x80\x08\xebk[<7m\xf2W\x038\xd9u\x16\x22\
J\x16\x01\xba\xf3A\xfe\x82\x99]\xf7lq\x9d\x85J\
\xc3\xf9\x9c\x88\x1aho]\x996\xf9M\xe0\xc5\x9f\x88\
\x1cP\xa0\xd5\x98\xd4=\x03\xcbZ.q\x9d\x85J\xc3\
\x0e@\xc4l_\xd1<\xb3*o\xae\x84\xe0\x02\xd7Y\
\x88\x88\x00\x00\x82\xeb\x83t\xfa\x92\x99\xb7\xdc\xb5\xddu\
\x14*\x1c\x0b\x80\x08\xe9_\xde\xba\xc4\x04z\x8d\x0a\x8e\
r\x9d\x85\x88h/\x8a\x87\x01\x5c\xd8\xb0\xae\xe76\xd7\
Q\xa80,\x00\x22@\xdb\xda\xd2Y3\xf4q@?\
\x0e \xe5:\x0f\x11\xd1$\x14\x82off\x0f}@\
Vo\x1es\x1d\x86\xa6\xc6\x02\xc0s;\xceh=*\
\x95\xd3k\x00,q\x9d\x85\x88\xa8\x10*\xd8\x08\xc8\x05\
\x8d\x1d\xdd\x7fq\x9d\x85&\xc7E\x80\x1e\xebooy\
K:\xa7\xf7\x81\x17\x7f\x22\x8a\x10Q,\x14Eo\xff\
\xf2\xd6\x7fs\x9d\x85&\xc7\x0e\x80\x87\xb4\xad\xadv\xd0\
\x0c^\xa5\xc0\x1b]g!\x22*\xd3O\x06\xd3\xa3\x97\
\x1c|\xeb\xef\x07]\x07\xa1\xbd\xb1\x00\xf0\xcc\xce\xb6\x13\
\xe7\x19c\xae\x07\xe48\xd7Y\x88\x88Bro\x1e\xc1\
yM\x9d\xbd\x7fs\x1d\x84\x9e\xc1)\x00\x8f\x0c.[\
\xf8\x12cR\xdd\xbc\xf8\x13Q\xcc\x1c\x9f\x82\xb9\xa7\x7f\
y\xeb\xcb]\x07\xa1g\xb0\x00\xf0\x80\x02\xd2\xdf\xde\xfa\
\xa1@\xe4F\x00\xb3\x5c\xe7!\x22\xb2\xa0QTo\xc8\
\xb6\xb7\x5c\xce\x87\x0a\xf9\x81S\x00\x8em;kQc\
\xf5h\xfe\x87\x80\xb02&\xa2DP\xc8o\x82\xb1\xea\
\xd77\xddqG\x9f\xeb,I\xc6\x02\xc0\xa1\xec\xf2E\
\xc7\xa9\x067\x008\xdau\x16\x22\xa2\xca\x92-b\xf2\
\xaf\xcc\xac\xed\xbd\xcfu\x92\xa4b\x1b\xc6\x91l\xfb\xc2\
\xd7B\x83\xdf\x82\x17\x7f\x22J$\x9d\xa7\x81\xe9\xeeo\
oy\xa3\xeb$I\xc5\x0e@\x85\xe9\xca\x95\xa9\xec\xb6\
\x07\xbe\x04\xe0\xdf]g!\x22\xf2\x81\xaa~\xa5a\xff\
\xa3>(\xabW\xe7]gI\x12\x16\x00\x15\xf4\xf8\x19\
\xc7\xd5gr5?U\xe0\x5c\xd7Y\x88\x88\xbc\x22\xb8\
ed\xa4z\xe5\x01w\xde9\xe0:JR\xb0\x00\xa8\
\x90\xc1S\x9a\x0f\x09\xaa\xcc\x8d\x00\x9a]g!\x22\xf2\
\xd4\xbd\xa9\xc0\x9cS\xd7\xb5\xe1\x11\xd7A\x92\x80\x05@\
\x05\x0c,k\x99\xaf\x22\xbf\x16\xe8\x91\xae\xb3\x10\x11y\
\xeeQ\x09pN\xa6\xab\xe7w\xae\x83\xc4\x1d\x17\x01Z\
\x96]\xd6\xb2\x1c\x82;y\xf1'\x22*\xc8ajp\
{vy\xcb\x8b]\x07\x89;\x16\x00\x16\xf5\xb7\xb7\xbc\
Q\x057\x03\x98\xe9:\x0b\x11Q\x844\xa8\xe2\xc6\x81\
e-\x97\xb8\x0e\x12g,\x00,P@\x06\xda[W\
\x09\xf0}\x00U\xae\xf3\x10\x11EP\x1a\x82\xff\x1eX\
\xde\xf2u\xe5t\xb5\x15\xfcC\x0d\x99\xae\x9c_=\xb0\
\xad\xee\xbb\x02\xbc\xdeu\x16\x22\xa2\x98\xf8y&\xa8\xbf\
H\xba\xbaF\x5c\x07\x89\x13\x16\x00!\xeak[\xd0\x94\
6U\xbf\x00p\x9a\xeb,DD\xf1\xa2\xeb\xc6\x8d\xbe\
b\xf6\xda\xde\x9d\xae\x93\xc4\x05\x0b\x80\x90\xec<s\xc9\
\xec\xd4x\xeef\x05Z]g!\x22\x8a\xa9{4\x08\
\xcel\xec\xea}\xcau\x908`\x01\x10\x82l[\xcb\
\xc1jp+\x80\x17\xb9\xceBD\x14o\xfa\xc7\x14\xaa\
N\xaf\xeb\xbc\xebQ\xd7I\xa2\x8e\x8b\x00\xcb4\xbc\xa2\
y\x8e\x1a\xdc\x0e^\xfc\x89\x88*@\x8e\x0d4\xb7~\
\xc7\x8a\x96\xe7\xb8N\x12u,\x00\xca\xb0\xe3\x8c\xd6\xa3\
\xf2y\xd3\x05\xe0\xb9\xae\xb3\x10\x11%\x85\x0a\x8eJ\x05\
X\xb7\xf3\xf4E\xfc\xee-\x03\xa7\x00J4\xb0b\xf1\
\xb1\x08\xf2k\x01\x1c\xea:\x0b\x11QB=!&8\
\x9d\x8f\x14.\x0d;\x00%\x18lo>\x11A\xfev\
\xf0\xe2OD\xe4\xd2A\x1a\x98\xdbv\xb6/\xe4\xe2\xeb\
\x12\xb0\x00(\xd2\xe0\xf2\x96\x96\x00f\x0d\x80\xfd]g\
!\x22\x22\xcc2\x90[\xfb\x97-<\xd9u\x90\xa8a\
\x01P\x84\x81e-\xa7\x05\x8a\x0e\x00\xb3]g!\x22\
\xa2\x7f\x99)\x22\xb7f\x97/<\xddu\x90(\xe1\x1a\
\x80\x02e\x97\xb5,W\xc1M\x00j]g!\x22\xa2\
\x09\x8d\x88\xe2\x9c\xcc\xba\x9e\x0e\xd7A\xa2\x80\x05@\x01\
\xfa\x97\xb7.\x11\xc5\xad\x80f\x5cg!\x22\xa2)\x0d\
\xa9\xc8\x8b\x1b;\xba\xd7\xbb\x0e\xe2;\x16\x00\xd3\xc8\xb6\
\xb5,P\x83N\x00\xb3\x5cg!\x22\xa2\x82\xec4\x81\
\xac\xa8\xef\xea\xde\xe8:\x88\xcfX\x00La\xa0m\xe1\
\x0ba\xa4\x0b\xc0~\xae\xb3\x10\x11QQ\x9e\x82\xa2\xad\
a]\xcff\xd7A|\xc5E\x80\x93\xd8\xd9v\xe2<\
\xa4\xe4V\xf0\xe2OD\x14E\xfbC\xd0\xd9\xbfl\xe1\
1\xae\x83\xf8\x8a\x05\xc0\x04\x86\xceh9\x22eRk\
\xa08\xc4u\x16\x22\x22*\xd9\x81\x02Y\xd3\xd7\xb6x\
\xae\xeb >b\x01\xf0,\x03g\x9ct`>\x875\
\x0a\xccu\x9d\x85\x88\x88\xca$8\x22m\x825\x83\xa7\
4\xf3\x86\xeeY\xb8\x06`\x0f\xfdm\xcd\xfb\x8b1]\
\x00\xe6\xbb\xceBDD\xa1\xfa\x83\x8a\xb45vto\
s\x1d\xc4\x17\xec\x00\xec\xb6}E\xf3L\xa4\xcc\xcd\xe0\
\xc5\x9f\x88(\x8e^(\xd0\xb5;\x96.\xe5\x8e\xae\xdd\
X\x00\x00\xd0\xe6\xe6\xaa\xaa\xc0\x5c/\x8a\x85\xae\xb3\x10\
\x11\x91%\x8a\x05\xa9\xea\xd1_\xe8Y\xf3j\x5cG\xf1\
A\xe2\x0b\x00\x05d`f\xea\xbb\x00\x96\xbb\xceBD\
D\xd6\x9d\x9a\x1d\x9d\xf5\x03\xe5\x148\x0b\x80l{\xcb\
\xa5\x02\xbd\xd0u\x0e\x22\x22\xaa\x98\xd7d\xdb[?\xe5\
:\x84k\x89\xae\x80\xfa\xdb[.\x16\xe0{\xaes\x10\
\x11Q\xc5\xa9\x88\x5c\x9c\xe9\xe8\xfe\xa1\xeb \xae$\xb6\
\x00\x18X\xb1\xb0\x0d\x81\xdc\x02\xa0\xdau\x16\x22\x22r\
b\x5c\x0c^\x92Y\xdb\xb3\xd6u\x10\x17\x12Y\x00\x0c\
,_\xf4\x02hp'\x80&\xd7Y\x88\x88\xc8\xa9~\
1\xc1\xd2\xcc\xda\xde\xfb\x5c\x07\xa9\xb4\xc4\xad\x01\x18<\
\xa5\xf9\x10U\xfd\x0dx\xf1'\x22\x22\xa0\x11\x81\xf9U\
\xb6\xad\xe5`\xd7A*-Q\x05\x80\x9e\xdb\x5c\xa7U\
\xa9\xff\x15\xe8\x91\xae\xb3\x10\x11\x91\x1f\x14\x98\xab\x067\
=~\xc6q\xf5\xae\xb3TRb\x0a\x00]\xb92\x95\
\x1dJ\xfdD\xa1\x8b\x5cg!\x22\x22\xef4g\xf2\xd5\
\xd7\xea\xca\x95)\xd7A*%1\x05@v\xdb\x03_\
\x82\xea\xcb\x5c\xe7 \x22\x22?\xa9\xca\xd9\x03\xdb\x1e\xb8\
\xc2u\x8eJI\xc4\x22\xc0l\xfb\xc2\xd7*\xe4'\xae\
s\x10\xb9\x22\xfb\x1f\x00s\xc4\x910\x87\x1d\x019\xf0\
`HM\x0dP;c\xd7o\x8e\x0cCGG\xa1O\
>\x8e\xe0\xd1\x87\x11<\xf4 t\xdbV\xb7\x81\x89\x1c\
\x12\x95\x8b2\xeb\xba\x7f\xe4:\x87m\xb1/\x00\xb2\xcb\
\x17\x1d\x07\x0d~\xab@\xa2\xe6v(\xd9\xa4\xae\x1e\xa9\
\x93NE\xbae1R/Z\x009\xa8\xb8\x07\xa1\x05\
\x8f?\x86\xe0\xbeM\xc8\xf5\xdc\x8d\xfc]\xb7C\x87\x86\
,%%\xf2\x8f\x00\x83\x1a\xe8\xe2\x86\xae\x8d\x7fp\x9d\
\xc5\xa6X\x17\x00;\x96.\x9d\x95\xaa\x1e\xed\x01p\xb4\
\xeb,D\x95\x90Z\xd0\x8c\xaa\x97\xadDz\xf1R\xa0\
:\xa4#.\xc6\xc6\x90\xbb{=\xc6\x7fq\x1d\xf2\xf7\
\xf6\x863&\x91\xff\xfe\x9a\x0b\xc6[gu\xfdn\x87\
\xeb \xb6\xc4\xb6\x00\xd0U0\x83\xeb\x17\xfeJU\xce\
v\x9d\x85\xc8\xb6\xf4\xc9\xa7\xa1\xfa\x0do\x81\x99\xf7<\
\xab\xef\x13l\xf93\xc6~\xf8?\xc8\xfd\xf6v\xab\xef\
C\xe4\x03\x01n\xaa?\xb5\xe7e\xb2\x0a\x81\xeb,6\
\xc4\xb6\x00\x18ho]\x05h\xe2\xcfz\xa6x3\xf3\
\x9e\x87\x9aw\xbc\x0f\xa9\xe3N\xa8\xe8\xfb\xe6\xef\xed\xc5\
\xe8\x95_A\xf0\xb7\xbfV\xf4}\x89\x1c\xf8DCg\
\xcfe\xaeC\xd8\x10\xcb\x02\xa0\x7fy\xeb9\xa2\xfaK\
$h\x97\x03%L*\x85\xea\x95\x17\xa0\xfa\xe2\xb7\x02\
\xe9*7\x19\xf2y\x8c\xad\xbe\x06c\xdf\xff/ \x97\
s\x93\x81\xc8\xbe\xc0\xa8\x9e[\xbfn\xe3o\x5c\x07\x09\
[\xec\x0a\x80\xbe\xb6\xc5s\xd3&\xbf\x11\xc0~\xae\xb3\
\x10\xd9 \xb3\xf7C\xed\xaa+\x90\x9a\x7f\x9c\xeb(\x00\
\x80\xfc\x1f\xee\xc5\xc8\xaa\x0fA\xfb\xb6\xbb\x8eBdK\
_\x1eAKSg\xef\xdf\x5c\x07\x09S\xac\xee\x90u\
\xc9\x92\x19i\x93\xbf\x01\xbc\xf8SL\x99y\xc7\xa0\xee\
[?\xf4\xe6\xe2\x0f\x00\xa9\x17\x1e\x8f\xba\xab~\x083\
\xef\x18\xd7Q\x88l\x99\x95\x82\xdc\xa0\xe76\xd7\xb9\x0e\
\x12\xa6X\x15\x00\x03\xb5\xb9\xab\x00Tv2\x94\xa8B\
\xcc1\xc7b\xc6\x97\xae\x84\x1cp\xa0\xeb(\xfb\x90\x03\
\x0e\xc2\x8c\xaf\x5c\x85\xd4\x0b^\xe4:\x0a\x91%r\x5c\
6k\xbe\xed:E\x98bS\x00\x0c,k\xb9D\x04\
\x17\xb9\xceAdCj\xfeq\x98\xf1\xa5\xab \x0d\x8d\
\xae\xa3LJ\xea3\xa8\xbd\xe2\x1bH\xbd\xe0\x85\xae\xa3\
\x10\xd9!\xb8\xa0\xbf\xbd\xe5b\xd71\xc2\x12\x8b5\x00\
;\xdbN\x9cgL\xea\x1e\x00\x0d\xae\xb3\x10\x85\xcd\x1c\
|(f\x5c\xf9}H\xd3,\xd7Q\x0a\xa2\xfd;1\
\xfc\xce7!x\xf4a\xd7Q\x88B'\xc0` r\
bcG\xf7_\x5cg)W\xe4;\x00\xda\xd6\x96N\
\x99\xf4\xd5\xe0\xc5\x9fbH\xea\xeaQ{\xf9\xd7#s\
\xf1\x07\x00i\x9c\x89\xda\xcb\xbe\x0c\xa9\x8b\xd5t)\x11\
\x00@\x81zQ\xfd\x8967;\xda~\x13\x9e\xc8\x17\
\x00\x83f\xf03|\xc2\x1f\xc5U\xcd{>\x08sD\
\xf4\x9e^m\xe6\xccE\xf5;\xdf\xef:\x06\x91-\xcd\
\xd9\x99\xe6\x93\xaeC\x94+\xd2\x05@\xff\xf2\xd6S\x14\
\xf8\x80\xeb\x1cD6\xa4\xdbNGz\xc5Y\xaec\x94\
\xac\xea\xccs\x90>u\xb9\xeb\x18D\xb6|t`\xf9\
\xa2e\xaeC\x94#\xb2k\x00\xfa\xda\x164\xa5M\xd5\
\xbd\x00\xe6\xb8\xceB\x146\xa9\xabC\xdd\x0f\xae\x83\xec\
\xb7\xbf\xeb(e\xd1\xed\xdb0t\xd1\xab\xa0C\x83\xae\
\xa3\x10\xd9\xf0HP\x95>~\xe6-wE\xf2\x10\x8c\
\xc8v\x00\xd2\xa6\xea*\xf0\xe2O1Uu\xc1\x9b\x22\
\x7f\xf1\x07v\x1dZT\xf5\xda7\xb8\x8eAd\xcb\xe1\
f<\xff\xdf\xaeC\x94*\x92\x05\xc0\xeem\x18\xafq\
\x9d\x83\xc8\x06i\x9a\x85\xeaW\x9c\xef:Fh\xaa_\
u\x01d6\xcf\xe6\xa2\xb8\xd2We\xdb\x17^\xe8:\
E)\x22W\x00\xecX\xd1\xf2\x1c\x01\xbe\xe6:\x07\x91\
-U\xe7\xbd\x06\xa8\xa9q\x1d#<\xd5\xd5\xa8z\xe9\
y\xaeS\x10Y\xa30\xdf\xday\xfa\xa2\xe7\xba\xceQ\
\xacH\x15\x00\xda\xd6\x96N\x05\xb8\x1a\x80\xbf\xa7\xa1\x10\
\x95\xa3\xba\x1aU\xe7\xbe\xcau\x8a\xd0U\xbdl%P\
U\xed:\x06\x91%\x9a\x91|pM\xd4\xb6\x06F\xaa\
\x00\x18He?\x08`\x89\xeb\x1cD\xb6\xa4\x17\x9f\x02\
i\x88\xdf\x91\x16\xd28\x13\xe9V~t)\xbe\x04h\
\x19\x98i\xde\xe7:G1\x22S\x00\xf4/o}\x9e\
\xa8|\xc2u\x0e\x22\x9b\xd2\xcb\xcft\x1d\xc1\x9a(o\
i$*\x84\x00\xab\xfa\xdb\x9a\x9f\xef:G\xa1\x22Q\
\x00( \xa2z\x15\x80Z\xd7Y\x88\xacIW!\xb5\
0\xbegZ\xa5Z\x16\x03\xe9\xb4\xeb\x18D6\xd5\x88\
1\xff\xa5\x11\xd9b\x1f\x89\x02 \xdb\xde\xfaV\x00\xed\
\xaes\x10\xd9\x94:v>\xa4v\x86\xeb\x18\xd6\xc8\x8c\
:\xa4\x9ew\xac\xeb\x18D\xb6\x9d6\xd0\xde\xf2f\xd7\
!\x0a\xe1}\x010xJ\xf3!\x80~\xdeu\x0e\x22\
\xdbR\xc7\xc5\xffI\xd6\xa9\xe3Ot\x1d\x81\xc8:\x01\
\xbe8\xd4\xbe\xe40\xd79\xa6\xe3}\x01\x10T\xc9\xb7\
\x004\xb9\xceAd\x9b9\xeah\xd7\x11\xacK\xc2\xff\
G\x22\x003\x03\xe4\xaer\x1db:^\x17\x00\x03\xcb\
Z^\x0d\xc8\xcb]\xe7 \xaa\x04s\xc4\x5c\xd7\x11\xac\
3s\xe6\xba\x8e@T\x11\x0a\x9c;\xb0\xac\xe5\x95\xae\
sL\xc5\xdb\x02`\xfb\x8a\xe6\x99\x10|\xd5u\x0e\xa2\
\x8aH\xa5`\x8e\x88\xff\xc9\xd6f\xce\x5c\xc0x\xfb\xb5\
C\x14.\xc1\x95;\x96.\xf5\xf6Y\xde\xde~\x12\xab\
\x03\xf35\x00\x87\xba\xceAT\x09\xa9\xe3N\x00j\x12\
\xb0\xc9\xa5\xa6\x16\xa9\x17\xc5\x7f\xad\x03\xd1n\x07\xa7\xaa\
G\xafp\x1db2^\x16\x00\x03\xcb\x17-S\xe0\x22\
\xd79\x88*Ajg\xa0\xe6\x9d\xefw\x1d\xa3bj\
\xfe\xe3\xc3\x90\xba:\xd71\x88*\xe5\xcd\xd9e-^\
>\x17\xdb\xbb\x02@\xdb\xdaj\xa1\xc1\xff \x22\xfb(\
\x89\xcaa\x8e<\x0a\xb5W|\x03f\xees\x5cG\xa9\
\x18s\xc4\x91\xa8\xfd\xfc\xd7\xb8\x1e\x80\x92BTp\x95\
\x9e5\xcf\xbb\x07|xw\x91\x1dh_\xf8)@V\
\xb9\xce\x91D\xd2\xd0\x80T\xf3b\x98#\xe6@f\xcd\
\x864\xcdv\x1d)\xd6d\xbf\xfd\x91:\xf6\x85@*\
\xe5:\x8a\x1b\xf9<\xf2\x7f\xbc\x0f\xbam\x9b\xeb$\xb1\
\xa6;\xb6C\xfb\xb6#x\xf8A\xe4{7@\x07\x06\
\x5cGJ$\x15\xfdXc\xc7\xc6\xcf\xb9\xce\xb1'\xaf\
\x0a\x80\xe1\x15\xcds\xf2\x81\xb9_\x81z\xd7Y\x92$\
5\xff8T_\xf8f\xa4NlI\xee\xc5\x88(\x09\
r9\xe47\xf5`\xecG\xdfA\xfe\xfe\xfb\x5c\xa7I\
\x9a\xa14r/\x98\xd1\xb9\xe9A\xd7A\x9e\xe6\xd5\xb9\
\x9c\xb9]\x0b\xffx\xf1\xaf\x10\xc94\xa0\xe6}\x1fE\
\xfaT/\xa7\xa7\x88(l\xe94R-K0c\xe1\
b\xe4n\xeb\xc0\xe8W>\x07\x1d\xcc\xbaN\x95\x14u\
9M_\x01\xe05\xae\x83<\xcd\x9b\x0e@vE\xcb\
\x0a\x0d\xb0\xc6u\x8e\xa40\x87\x1d\x81\xda\xcf~\x05\xe6\
\x88#]G!\x22G\x82\x87\x1e\xc0\xc8\xc7\xdf\x87\xe0\
\xd1\x87]GI\x10Y\xde\xd0\xd9\xdd\xe9:\x05\xe0I\
\x01\xa0\xcd\xcdU\xd9\x99\xe6\xf7\x00\x22\xf3\x14\xa5(\x93\
Y\xb3Q\xf7\xad\x1f@\x0e<\xd8u\x14\x22rL\x9f\
|\x1cCo\x7f#\xb4o\xbb\xeb(I\xb19\x13\xd4\
/\x90\xae\xae\x9c\xeb ^\xec\x02\x18l2o\x07/\
\xfe\x95a\x0cj?\xfd\x05^\xfc\x89\x08\x00 \x07\x1e\
\x8c\xdaU\x97\xf3\x80\xa6\xca\x99\x9f\x95\xc1K\x5c\x87\x00\
<(\x00\xfa\xda\x164\xa9\xe2\x13\xaes$E\xd5Y\
/Ej\xfeq\xaec\x10\x91GR/\x5c\x80\xaa3\
\xcfq\x1d#9\x04\xab\xb6\xafh\x9e\xe9:\x86\xf3\x02\
 %\xe9O\x00\xd8\xcfu\x8eD\xa8\xaeF\xf5\x1b\xde\
\xe2:\x05\x11y\xa8\xfa\xa2K\x80\xaaj\xd71\x92\xe2\
\x80\xea\xbc|\xd4u\x08\xa7\x05\xc0\x8e3Z\x8f\x12\x91\
w\xb8\xcc\x90$\xe9\xe6E\x90\xfd\x0fp\x1d\x83\x88<\
$\x07\x1c\xb8k+0U\x84\x8a\xfc\xfb\x8e\xf6f\xa7\
\x8f\xc7tZ\x00\xa4r\xf8\x02\x00\xefNG\x8a\xab\xd4\
\xc9\xa7\xb9\x8e@D\x1eK\x9ft\xaa\xeb\x08IR\x9d\
R\xf3Y\x97\x01\x9c\x15\x00;\x975/\x02\xf4<W\
\xef\x9fD\xa9\xe7r\x9d%\x11M.u\xcc\xb1\xae#\
$\x8b\xe0\xd5;\xdb\x17\xb6\xbaz{g\x05\x80\x11\xf3\
9x\xb2\x0d1)\xd8\xfe'\xa2\xa9\xc8~\xfc\x8e\xa8\
01\x90/\xb8zs'\x05@vY\xeb\x99\x00\xda\
]\xbcw\x92\xc9L\xe7\x8bN\x89\xc8c2\xcb\xdbG\
\xd7\xc7\xd9i\xae\x9e\x16X\xf1\x02@\x01QQ\xa7\xf3\
\x1e\x89%\xce7}\x10\x91\xcf\xf8\x1d\xe1D`p\xb9\
:\xe8\x88W\xfco;\xbb\xbc\xe5\xd5\x00\x9a+\xfd\xbe\
DDD>\x12\xc5\xc2\xec\xb2\x96WT\xfa}+Z\
\x00h[[\x1a\x8aK+\xf9\x9eDDD\xde\x13\xbd\
LW\xae\xac\xe8\xe3X+Z\x00\x0c\xca\xd0\xeb\x00<\
\xaf\x92\xefIDD\xe4?9v\xf0\xa9\x07\xcf\xaf\xe4\
;V\xac\x00\xd0\x95+S*\xea\xfc\xe4#\x22\x22\x22\
\x1f\xa9\xe8\xaaJv\x01*V\x00\x0cn\xfb\xc7\xeb\x00\
\x1cS\xa9\xf7#\x22\x22\x8a\x98\xe7\x0en\xfb\xc7\xab+\
\xf5f\x15)\x00t\xe5\xca\x94B>V\x89\xf7\x22\x22\
\x22\x8a*\x05>\xa1\xab*sm\xae\xc8\x9b\x0cn\x7f\
\xe0\xb5\xe0\xdd?\x11\x11\xd14\xe4\xd8\xec\xfa\x85\x15\xe9\
\x02X/\x00t\x15\x8c*\xe7\xfe\x89\x88\x88\x0a\xa2\xf2\
\xf1J\x9c\x0b`\xbd\x00\xc8\xde\xd6\xf2r@x\xc04\
\x11\x11Qa\xe6\x0f\xb4\xb7\x9cc\xfbM\xecO\x01\x08\
\xdeo\xfd=\x88\x88\x88b\xc4T`\xdd\x9c\xd5\x16\xc3\
\xc0\xf2E\xcb\xa0A\xa7\xcd\xf7\xa0\xc2U\xbf\xe6\x0d\xae\
#\x10\x91\xe7\xc6~\xf6#\xd7\x11h7\x159\xb5\xb1\
\xa3{\xbd\xad\xf1\xd3\xb6\x06\xde%\xf8\x90\xdd\xf1\xa9\x18\
\xfc`\x13\x11E\x87\xd9u\x0d\xb5V\x00X\xeb\x00d\
\xdbZ\x16\xa8\xc1=6\xdf\x83\x88\x88(\xc6TLp\
|fm\xef}6\x06\xb7\xb6\x06 0\xf2^\xf0\xe2\
ODDT*A`\xfe\xc3\xde\xe0\x16\x0c\x9e\xd2|\
HPe\x1e\x00Pmc|\x22\x22\xa2\x84\x18\x95\x00\
s3]=\x8f\x87=\xb0\x95\x0e@Pm\xde\x06^\
\xfc\x89\x88\x88\xcaU\xa3F\xfe\x9f\x8d\x81C\xef\x00\xe8\
Y\xf3j\xb2\xa3\xb3\x1e\x04pP\xd8c\x13\x11\x11%\
\xd0\x93\x99\xa0\xfeH\xe9\xea\x1a\x09s\xd0\xd0;\x00\x03\
c\xb3_\x0f^\xfc\x89\x88\x88\xc2r\xe0\x80\x19|m\
\xd8\x83\x86^\x00\x88\xea\xbb\xc2\x1e\x93\x88\x88(\xc9D\
\xf0\xee\xb0\xc7\x0c\xb5\x00\xe8_\xdez\x0a\x80\xe3\xc3\x1c\
\x93\x88\x88(\xf1\x14\x0b\xfa\x97\xb7.\x09s\xc8P\x0b\
\x00\xd1\xe0ma\x8eGDDD\xbb)B\xbd\xc6\x86\
\xb6\x08\xb0\xbf\xady\x7f1\xe6\x11\x005a\x8dID\
DD\xff2\x8a\xf1\xdc\x11\x0d\xeb7m\x0dc\xb0\xf0\
:\x00b\xde\x02^\xfc\x89\x88\x88l\xa9\x91\xaa\xf4E\
a\x0d\x16J\x01\xa0\xab`\x0c\xf0\x960\xc6\x22\x22\x22\
\xa2\x89)\xf0\xfftU8\xd7\xeeP\x06\x19\xba}\xe1\
\x99*8*\x8c\xb1\x88\x88\x88hRG\x0f\xae_\xb8\
<\x8c\x81B)\x00\x02\x987\x851\x0e\x11\x11\x11M\
M\x15\x17\x871N\xd9\x8b\x00\xfb\x97\xb7\xee'\xaa\x8f\
\x82\xf3\xffDDD\x950\x92\x1f\xab9\xb4\xe9\x8e;\
\xfa\xca\x19\xa4\xec\x0e\x80\x04z\x01x\xf1'\x22\x22\xaa\
\x94\xdaT\xf5\xe8k\xca\x1d\xa4\xfc)\x00\x13N+\x82\
\x88\x88\x88\x0a\xa3(\xff\xda[\xd6\x14@v\xf9\xa2\xe3\
T\x83{\xcb\x0dADDD\xc5\x111\xc7g:6\
\xfc\xbe\xd4\xd7\x97\xd5\x01P\x0dx\xf7ODD\xe4@\
\xa0\xc1\x85\xe5\xbc\xbe\xe4\x02`\xf7>\xc4\x95\xe5\xbc9\
\x11\x11\x11\x95F\x80\xd7\xe9\xca\x95\xa9R__r\x01\
\xb0{\x1f\xe2a\xa5\xbe\x9e\x88\x88\x88\xcarh\xb6\xef\
\x1f\xa7\x94\xfa\xe2t\xc9o\xab\x12\xfa\xb3\x89)Z\xa4\
\xa1\x11\xe9\xf63`\x0e?\x12\xa8\xaev\x1d\x87(9\
\xc6\xc6\x10<\xfc\x00r\xeb\xd6@\x07\xfa]\xa7!\x97\
v]\x8b\xbbJyiI\x8b\x00\xb5\xad\xad6k\x06\
\x1f\x03\xd0T\xca\xeb)\xfaR-\x8bQ\xfb\xb1\xcfB\
\x1a\x1a\x5cG!J,\x1d\xe8\xc7\xc8g>\x86|\xef\
\x06\xd7Q\xc8\x9d\xbeLM\xdf!r\xf3\x96\xd1b_\
X\xd2\x14@6\x95=\x07\xbc\xf8'\x969|\x0ej\
W]\xc1\x8b?\x91c\xd2\xd0\x88\xdaK\xbf\x00s\xd8\
\x11\xae\xa3\x90;\xb3\x06F\x9a^\x5c\xca\x0bK[\x03\
\xa0\xf2\xea\x92^G\xb1P\xf5\xaa\xd7Ajg\xb8\x8e\
AD\x00\xa4v\x06\xaa\xce\xe3\x8cl\x92\x89\xe0\xfcR\
^Wt\x01\xa0\xe76\xd7\x09\xf0\x92R\xde\x8c\xe2!\
u\xec\x0b]G \xa2=\xa4^\xc0\xcfd\xb2\x99s\
\xb5\xad\xad\xb6\xe8W\x15\xfb\x82l\xd6\xbcX\x81\xfab\
_G1RU\xe5:\x01\x11\xed\xa9\x8a\x8bp\x93M\
3\x03\x92=\xa3\xd8W\x15?\x05 8\xaf\xe8\xd7P\
\xac\xe8\xf0\x90\xeb\x08D\xb4\x07\x1d\xe2g2\xf1L\xf1\
\xd7\xe6\xa2\x0a\x00=k^\x0d\x80\xb3\x8b}\x13\x8a\x99\
\xa1A\xd7\x09\x88hO\xfcL&\x9e\xa8\xbcTW\xce\
/\xaa\x15TT\x01006\xfbt\x003\x8bJE\
\xb1\xc3\xbb\x0d\x22\xbf(\x0b\x00\x02\x9a\x06\xb7\xd7\xb5\x17\
\xf3\x82\xa2\x0a\x00\x13\x04//.\x0f\xc5\x12\x0b\x00\x22\
\xafpZ\x8e\x00@U_V\xcc\xcf\x17\x5c\x00( \
*rV\xf1\x91(nt(\xeb:\x02\x11\xedi\x90\
\x1d\x00\x02\x00y\xa9\x16q\xc0_\xc1\x05\xc0\xd0\xf2\x96\
\x85\x00\x0e-)\x13\xc5\x0a\xa7\x00\x88\xfc\xc2\x0e\x00\xed\
v\xe8\xd0\x8a\x85\x0b\x0a\xfd\xe1\x82\x0b\x80\x008\xb7\xb4\
<\x14;\xfc\xb2!\xf2\x0b\xd7\x00\xd0nA^\xce)\
\xf4g\x0b_\x03\xa0(xP\x8a7v\x00\x88\xfc\xc2\
\x0e\x00=MD\x0a\xde\xa9WP\x010x\xfa\x09\x87\
\x02(\xb8\xad@\xf1\xc6\x15\xc7D~aQNOS\
hK\xb6\xad\xe5\xe0B~\xb6\xa0\x02 \x1fT\x9d\x85\
\x12\x9f\x1cH1\xc4\x02\x80\xc8/\xfcL\xd23\x0cD\
\x0a:\x15\xb0\xa0\x02@T\x8b>b\x90\xe2\x8bw\x1b\
D~aW\x8e\xf6\x14\x88\x9e^\xc8\xcfM[\x00\xe8\
*\x18\x00\xcb\xcaND\xf1\xc1\xf9F\x22\xaf\xb0(\xa7\
=\x09pz!\xdb\x01\xa7-\x00\x86\xbaZO\x04p\
@(\xa9(\x16x\xb7A\xe4\x19\x16\xe5\xb4\xb7\x83\x06\
\x97\xb5\x1e7\xdd\x0fM[\x00\xe4S\x01\xdb\xff\xb4\x17\
\x16\x00D~Q\x1e\x04D\xcf\x12`\xfak\xf7\xb4\x05\
\x80\x04R\xd0\x5c\x02%\x08\xdb\x8dD~\x19f\x01@\
{\x13\x99\xfe\xda=e\x01\xa0K\x96\xcc\x80`Ix\
\x91(\x0etx\x08Pu\x1d\x83\x88\x00@\x15:<\
\xe2:\x05\xf9g\xe9\xee'\xf8Nj\xca\x02 [\x17\
,\x060\xe5\x00\x94@A\x00\x1d\xe5\x17\x0e\x91\x0ft\
x\x18\xd0\xc0u\x0c\xf2\xcf\x8c\x81\xf1\x99-S\xfd\xc0\
\xd4S\x00\xaa\xa7\x85\x1a\x87\xe2\x83\xd3\x00D~`\xfb\
\x9f&!Aj\xcak\xf84k\x00\x82S\xc3\x0cC\
\xf1\xc1\xa3G\x89\xfc\xc0-\x804\xb9\xa9\xaf\xe1\x93\x16\
\x00\xbar~5 \x8b\xc2\x0fD\xb1\xc0U\xc7D~\
\xe0\xae\x1c\x9a\x949I\x9b\x9b\xab&\xfd\xdd\xc9~c\
\xa0\xaf\xb6\x15@\x9d\x95L\x14y\xca\xb6#\x91\x17\xd8\
\x01\xa0\xc9i\xa6\xbf\x11'N\xf6\xbb\x93O\x01\x04f\
\xa9\x95<\x14\x0b\xfc\xd2!\xf2\x03\xcf\xe5\xa0\xa9\xa4\xc4\
\x9c2\xd9\xefMZ\x00\x08\xb8\xfd\x8f\xa6\xc0\x02\x80\xc8\
\x0f\x5c\x8fCSP\xc1\xe2\xc9~o\xaaE\x80\x9c\xff\
\xa7I\xf1\xae\x83\xc8\x0f<\x05\x90\xa6\xa4\x93\xdf\xccO\
X\x00\xecX\xd1\xf2\x1c\x00\x07Y\x0bD\x91\xc7\x02\x80\
\xc8\x0f\xdc\x91C\xd38txE\xf3\x9c\x89~c\xc2\
\x02 \x1d(\xef\xfeij\xfc\xd2!\xf2\x03\x8bq\x9a\
F.o&\x9c\x06\x98\xb0\x00Pn\xff\xa3ip\x11\
 \x91\x1f\xd8\x01\xa0\xe9(&\xbe\xa9OO\xf8\xd3\x82\
E\xe0Q\xef4\x95\x18\xddu\xe8\xc80\xf4\xf1\xc7\xa0\
\xc3C\x90\xc6\x990\xfb\x1f\x08\xd4\xc4\xf7\x04\xec\xe0\xe1\
\x07\x11<\xf2\x10t\xdbV\x00\x80\xecw\x00\xcc\xe1s\
`\x8e8\xd2q2{th\x08\xba\xfd)h\xffN\
H]=\xe4\xe0C \xb53\x5c\xc7\x0a\x07\x8bq\x9a\
\x86\x88L\xd8\x01\xd8\xa7\x00\xd0\x95+S\xd9m\x0fL\
\xfb\x1caJ\xb6\xa8\xaf\x01\x08\x1e{\x14\xb9[nB\
\xaek-\x82\x87\x1f\xdc\xfb7S)\xa4\xe6\x1f\x87\xf4\
I\xa7\x22}\xf6+ u\xd1?\x0eC\xb3\x03\x18\xbf\
\xee\xa7\xc8u\xde\x82\xe0\xd1\x87'\xfc\x19s\xf8\x1c\xa4\
\xdb\xcfD\xd5\xab^\x0b\xa9\xcfT8a\xf8\xb4\x7f'\
\xc6o\xbc\x01\xf9\xbb\xd6#\xff\xa7\xfb\xf79/\xdf\xcc\
\x99\x8b\xf4i+\x90~\xf190\x07\x1f\xea(e\xf9\
\xd8\x8d\xa3\x02,\xd0\x95+S\xb2zu~\xcf_\x94\
g\xff\xd4@\xdb\xc2\x17\xc2\xc8}\x95\xcbEQ\x94j\
Y\x82\x19\x97\x7f\xddu\x8c\xa2\xe9\xd0\x10\xc6\xaf\xfe.\
\xc6n\xb8\x16\x18\x1f\x9b\xf6\xe7\xa5q&\xaa/\xb8\x18\
U\xe7\xbd\x16\x90}>.\x910~\xd3\xffb\xec;\
WB\x07\xfa\x0b\xfayi\x9c\x89\xeaK\xde\x85\xaa\xb3\
^j9\x99%A\x80\xb1\x9f\xfe\x10\xe3?\xfbQa\
\x85jU5\xaa_y>\xaa.\xfc7\xc8\x8c\xe8\x15\
{\xc3\x1f~7\xf2=w\xbb\x8eA\x9e\xd3 8\xb6\
\xb1\xab\xf7O{\xfe\xda>k\x00\xc4\xe0\x84\xcaE\xa2\
\xc8\x8a`\x07@\xb7>\x89\xe1\xf7\xbc\x19c\xd7\xfe\xb8\
\xa0\x8b?\xb0\xeb.r\xf4\xaa\xafa\xe4\x13\xef\x87f\
\x07,'\x0cY>\x8f\xd1\xaf]\x8e\xd1\xaf~\xbe\xe0\
\x8b?\xb0\xfb\xff\xf3\x97.\xc3\xe87\xbe\x00\xe4\xf3\xd3\
\xbf\xc0#\xda\xbf\x13\xc3\x1f~\x0f\xc6\xbewU\xe1]\
\xaa\xf11\x8c]\xfbc\x0c\xbf\xe7-\xd0\xadO\xda\x0d\
h\x03\xb7\x01R\x01\x8c\x91}\xae\xed\xfb\x14\x00\x01\x0c\
\x0b\x00\x9aV\xd4\xda\x8e\xfa\xd4V\x0c\xbd\xebM\x08\xfe\
\xbe\xa5\xa4\xd7\xe7\xeeZ\x8f\x91\x8f\xbd\x17\x18+\xacp\
\xf0\xc1\xe87\xbf\x88\xf1\x1bo(\xf9\xf5\xe3\xbf\xbc\x0e\
\xa3W~%\xc4D\x96\x8d\x8e`\xf8\xc3\xefA\xbew\
CI/\x0f\xfe\xf6W\x0c\xbd\xebM\xd0\xa7\xb6\x86\x1c\
\xcc..\x02\xa4\x82\xc8\xbe\xd7\xf6};\x00\xd0I\xcf\
\x0d&\xfa\x97(=\x0b 7\x8e\x91O\x7f\xb8\xec\xbb\
\xbb\xfc\x1f\xee\xc5\xc8\x97>\x13R(\xbb\xc6\x7f\xfd\x8b\
\xb2.\xfe\xff\x1a\xe7\x97\xab1~\xf3\xafBHd\xdf\
\xc8\xe5\x9fF\xf0\xe7\xfb\xcb\x1aC\xb7>\x89\x91K?\
\x02\xe4r!\xa5\xb2/j\xc58\xb9\xa1\x81N]\x00\
\xe8\xae5\x01\xc7W,\x11EV\x94\xbet\xc6~~\
\x0d\xf2\xf7\x87\xb3\xac%\xd7qK\xc9w\x98\x95\xa2\xd9\
\x01\x8c}\xe7\xca\xd0\xc6\x1b\xfb\xce\x95\xde/\xfa\xcc\xdd\
}'r\xb7w\x842V~\xf3\xef1v\xfdOC\
\x19\xab\x22<\xff\xbb!O\xc8\xbe\xd3\xfb{\x15\x00#\
+\x9a\x8f\x00\xd0T\xb1@\x14YQ)\x00th\x08\
\xe3\xab\xaf\x09u\xcc\xd1\xff\xf2{\xf1\xe3\xf8\xf5?\x83\
\xf6\xef\x0cm<\xdd\xd1\x87q\xcf/\x88c\xdf\xfeF\
\xa8\xe3\x8d_\xfb\xe3\xc8\xb4\xd6\xa3\x92\x93\x9c\xdbo\xf0\
\x94\xe6C\xf6\xfc\x85\xbd\x0a\x80\xbc\x9a\x17T6\x0fE\
Vn<\x12\xf3\xe1\xb9\xdb\xd6\x86z1\x04\x80\xe0\xef\
[\x10l\xf9K\xa8c\x86)\xb7\xee\xd6\xf0\xc7\xec\x0c\
\x7f\xcc,\x8a\xeb~\x00\x00 \x00IDAT\xb0\x04\
\x7f\xf9\x13\x82\x07\xff\x11\xea\x98\xbas\x07r\xb7\x85\xd3\
Q\xb0jl,R\xd3\x15\xe4\x96\xd6\x98\xf9{\xfe\xef\
g\xaf\x01\x98\x0f\xa2\x02\xf9\xde\x16\x06\x80\xfcF;\xdb\
\xa3r\xeb;\xad\x8c[\xae\xe0\x91\x87\xf6=\xd7 \x8c\
q\x1fz`\xd2\xf3\x03\x5c\xcb\xad_ge\xdc\xfcF\
\xbf\xa7z\x80h|\x06\xc9\x1f\x9a\xc7^7\xf9\xcf*\
\x00\x84\x1d\x00*X\x14Z\x8f\xf9?n\xb62n\xf0\
\xc0\xdf\xad\x8c[\xae\xe0\x91\x87\xac\x8d\xad\x16\xc7.G\
\xf0\xa0\x9d\xbf\x8b\xe0\x8f\x7f\xb02n\x98X\x00PQ\
\x0c\xa6\xe8\x00(;\x00T\x84(\xac\x03\x08\xb9\xfd\xff\
\xb4\xe0\xb1G\xad\x8c[.\xdd\xf6\x94\xb5\xb1\x03\x8bc\
\x97#x\xfc\x9fV\xc6\xd5\xfe\x1dV\xc6\x0dU\x14>\
\x83\xe4\x0f\x9d\xa4\x00P@\x14\xfa\xfc\xca'\xa2\xa8\xf2\
\xfe\xeeC\x03k]\x0a\x1d\xf0\xf4P \x9b]\x19O\
\xff\xbem\xfd]\xe8\xd0\xd0>\xc7\x07\xfb&\x0a]8\
\xf2\xca\xc4\x05\xc0\xd0\xe9'\x1c\x02`f\xc5\xe3Pt\
\xf9\xfe\xe5#f\xd7\x7fl(\xf0$A\xaa\x80\xb1Q\
;\xe3\xda\xfc\xf7\x13\x12\xe5)\x80T\x9c\xa6\xec\xf2E\
\x07=\xfd?\xfe\xf5\xaf;\xc8\xa5\x9f\xeb&\x0fEU\
$\xb6\x02VM\xfc\xc0\xcb\xb2\x8d\x8f\xdb\x19\x97\x8ag\
\xeb\xef\xa2\xba\xca\xce\xb8a\x8a\xd2\x81\x5c\xe4\x85 \xc8\
\xcf{\xfa\xbf?3\x05`d\xde\xc4?N41\xef\
\xa7\x00\x00HU\xb5\x95q\x95\x1d\x00o\xd8\xfa\xbb\xb0\
\xf5o'L\xec\x00P\xb1\x8c1\xfb\x16\x00\x06z\xb4\
\x9b8\x14Y\x11(\x00Pe\xe9.n\x8c\x1d\x00o\
\x8c[\xda\x07o\xeb\xdfN\x98|\x9f\x86#\xef\xe8\x1e\
\xd7\xfag:\x00*\x9c\x02\xa0\xa2Db\x01\x92\xad/\
q\x0d\x22\xf7\xa4\xbcX\xca\xe5\xec-\xd4K\xfb_\x00\
Db\x1a\x8e\xfc\xa2\xbao\x07\x00\xa2\x9c\x02\xa0\xa2D\
\xe1\xcb\xc7j\x1b7\xc7.\x80kj\xf1\xef@\xaa#\
0\x05\x10\x85.\x1cyE!\x13\x14\x00\x8a\xe78I\
C\xd1\x15\x85/\x1f\x8bm\x5c\xe54\x80{6\x17c\
r\x0a\x80bH\x80\xbd\xa7\x00v,]:\x0b@\xa3\
\xb3D\x14I\x91\xb8\xfb\xb0\xd9\x01\xe0B@\xf7l>\
\x8f\x82\x8b\x00)\x9efo=\xf9\xe4\x06`w\x01\x90\
\xae\x19?\xc2m\x1e\x8a\xa4(L\x01\xd8\xdc\xca\xc5\x02\
\xc09\xb5\xd8\x01\x90\x08t\x00\x22\xb1\x0e\x87\xbcS[\
\x9b;\x02\xd8]\x00\xe4\x03e\x01@E\x8b\xc4\x97\x8f\
\xc5\xbb8\x9b\x17\x1f*\x90\xcd\x22,\x02\x1d\x80HL\
\xc3\x91wd\xf75\xdf\x00\x80\x11\xb0\x00\xa0\xa2E\xa2\
\xfdh\xf3.\x8e\x1d\x00\xf7l\x16a\x118\x08(\x12\
E8y'\xd8}\xcd\xdf\xb5\x08PY\x00P\x09\x22\
\xf0\xe5cu\x17\x00\x17\x01\xbag\xb1\x08\x8b\xc2A@\
\x88B\x11N\xde\x11\xdd\xa3\x03\xa0&8\xdcm\x1c\x8a\
\xa2h,\x02\xb4\xb8\x0b\x80\x1d\x00\xe7\xac\xfe\x1dD\xe1\
\x1c\x80\x08\x14\xe1\xe4\x1f\x11\xcc\x01v\x17\x00\xa2r\x98\
\xdb8\x14EQ8\x07\xc0\xea\x14@\xce\xd2\x09tT\
8[\xa7\x00\x02\x91\xd8\x06\x18\x89\x22\x9c\xbc\xa3\x82C\
\x80g\xce\x018h\x8a\x9f%\x9a\xd8\xe8\x88\xf7\xa7\xe1\
Ym\xe3\xb2\x03\xe0\x9e\xcd)\x00\xdf\x0f\x02\xca\xe5\xec\
n\x83\xa48;\x08`\x01@e\xf2\xbe\x05i\xf5 \
 ~\xf9\xbafu'\x86\xe7\x1d\x00\xef?{\xe4\xb3\
]\x05\x80\xae\x5c\x99\x02\xb0\x9f\xe30\x14U\xbe\xb7 \
\xadv\x00\xb8\x08\xd0\xb9$o\x03\xf4\xfd\xb3G\xfeR\
\x1c\xa0\xab`\xcc\xe0\xd6\x07\x0e\xc0\x9eG\x02\x13\x15\xc1\
\xf7u\x00V\x0fs\xe1\x14\x80{\x16wb\xf8~\x10\
\x10\xe7\xff\xa9\x0c\xe9\x81\xae\xe6\xd9\x06\x22l\xffS\xc9\
|/\x00`q\x1e\x97\x07\x01\xb9gu\x17\x80\xe7\x1d\
\x00\xef?{\xe45I\xa5\x0f4H\xe9\x01\xae\x83P\
\x84\x0d{~\x17bs+\x17;\x00\xeeY-\x00\xfc\
\xee\x00D\xe1(n\xf2\x98\xe4\x0f4\x9a\xc7l\xd79\
(\xba\xbc?\x0d\xd0\xea\x14\x00;\x00\xce%\xf8Y\x00\
\xea{\xf1M^\xd3\xc0\xcc2\x00\x9a\x5c\x07\xa1\xe8\xf2\
}%\xb2\xcdm\x80\x9c\x02p\xcf\xee.\x00\xcf\xa7\x00\
|/\xbe\xc9s\xdad\xd4\x08\x0b\x00*\x9d\xefmH\
>\x0d0\xde\x12\xbc\x0d0\x0aGq\x93\xbf\x8c\xc8,\
#\x01f\xba\x0eB\xd1\xe5}\x1b\x92\xdb\x00\xe3-\xc1\
\x07\x01q\x11 \x95C\xa1M\x06F\xd9\x01\xa0\xd2y\
\xfe%ds\x1e\x97\x07\x01\xb9\x97\xe4\x83\x80x\x0e\x00\
\x95E\xb5\xc9\x80\x1d\x00*\x83\xf7{\x91\xd9\x01\x88\xb7\
$o\x03\xe4\x14\x00\x95Aa\x9a\x0c\x04\x0d\xae\x83P\
ty\xdf\x86\xe4\xb3\x00\xe2\xcdb\x17\xc6\xfb]\x00\x5c\
\x04He\x10h\xc6@Q\xe7:\x08E\x98\xe7\x1d\x00\
\xa9J[\x1b[s\xec\x00\xb8\x96\xe4]\x00\x5c\x04H\
e\x11\xd4\x19\x08f\xb8\xceA\xd1\xe5}\x1b\xd2\xe6\x97\
\xb8\xc5ch\xa9@6\x8b0\xdf;\x00\x9e\x17\xdf\xe4\
9\xc5\x0c\x03\xb0\x03@\xa5\xf3\xbe\x0d\xc9g\x01\xc4[\
\x82\x17\x01z_|\x93\xd7TP\xc7\x02\x80\xca\xe3\xf9\
\x97\x10\x0f\x02\x8a7\x9b;1l\xfe\xdb\x09\x85\xef\xc5\
7yM\x14u\x5c\x03@e\xf1\xbe\x0dis/7\
;\x00\xee%\xf8Y\x00\xec\x00P9\x04\xbb\xd6\x00\xd4\
\xba\x0eB\x11\xe6{\x01\xc0g\x01\xc4\x9b\xcd\xbf\x03\xcf\
\x0f\x02\xf2\xfd\x0c\x0e\xf2\x9bb\xd7\x1a\x00{\xcb\xa4)\
\xf6tx\x04\xd0\xc0u\x8cI\xd9\x9d\x02`\x07\xc05\
\x9b\x7f\x07^o\x03\xd4\x00:2\xec:\x05E[\x9a\
\x05\x00\x95G\x03\xe8\xc8\x88\xeb\x14\x93c\x07 \xde\x12\
\xba\x0dP\x87\x87\x01U\xd71(\xdaR\x06@\xcau\
\x0a\x8a8\x9f\xa7\x01x\x12`\xbc\xd9<\x8e\xd9\xe7\x0e\
\x00\xdb\xffT6I\xb3\x00\xa0\xb2\xf9|\x1a\xa0\xcd\x83\
\x80\xb8\x08\xd0=\xcd\xe5\xac\x8d\xed\xf3\x14\x80\xf7\x8bo\
)\x02\x94\x1d\x00\x0a\x81\xc7\x05\x00\xd2U\x80\x88\x95\xa1\
\xb9\x0d\xd0\x03\xb6\x8a0\x11 \xe5\xef\xec(\x0b\x00\x0a\
\x01;\x00T>\xaf\xb7#\xd9\xfc\x22\xe7\xd3\x00\xdd\xb3\
U\x00X,\x1cC\xe1s\xd1MQ\x912\xae\x13P\
\xf4\xe9`\xd6u\x84)I\xb5\xa5V.;\x00\xce\xa9\
\xa5\xe3\x98}n\xff\x03\x9e\x17\xdd\x14\x19\x06@\xdeu\
\x08\x8a8\xdf\xbf\x8c,-\x04\xe46@\x0f\xd8\xfa;\
\xf0\xfd\x0c\x00\x9e\x02H\xe5\xcb\xb3\x00\xa0\xb2\xf9\xbc\x08\
\x10\x80\xbd\xd5\xdc\xf9<\x10\xf8{\x06B\xec\x05\x81\xbd\
?\x7f\xef;\x00,\x00\xa8l9\x16\x00T6\xdf\xdb\
\x91V\xcft\xe74\x80;V\x0f\x01\xf2\xbb\x03\xe0}\
\xd1M\x11 \xec\x00P\x08|_\x91l\xf1nNm\
>\x8e\x96\xa6dk\xfe\x1f\x80\xf7\x1d\x00.\x02\xa4\xf2\
i\xce\x00\xb0\xb7\x91\x96\x12\xc1\xfb-IV\x1f\x08\xc4\
\x02\xc0\x19\xab\x0f\x02\xf2\xbc\x03\xc0)\x00*_\x9e\x05\
\x00\x95\xcf\xf3\xbb\x11I\xdb<\x0e\x98\x0b\x01\x9d\xb1\xd8\
}\xf1~\x17\x00\x17\x01R\xf9r\x06\x0a\x8f\x0fr\xa7\
(\xf0~>\xd2\xe6\x14\x00\xcf\x02p\xc6\xeaAL\x9e\
\x17\x00\xde\xef\xbc!\xef\x090l \xe0\xbf$*\x8b\
\x0e\xf9}\x0e\x00\x9f\x07\x10SV\x9f\x03\xe0\xf9\x14\x80\
\xefE7yO\x81!\x03\xb0\x00\xa02y\xfeed\
\xed  \x80S\x00.Y,\xbe|\x9f\x02\x00\xd7\x00\
P\x99TX\x00P\x08|\xdf\x06h\xf3n\x8e\xcf\x03\
p\xc7\xeaAL\x9e\x1f\x04\xc45\x00T.Q\x0c\x19\
(\x86]\x07\xa1h\xf3\xbe\x1di\xf3n\x8e\x05\x80;\
\x09^\x03\xe0\xfdg\x8e\xfc'\x5c\x03@a\xf0|\x0d\
\x00\x0f\x02\x8a\xa9\x04\x1f\x04\xc4E\x80T\xb6\xdd\x1d\x80\
\x01\xd79(\xda\xbc\xbf\x1b\xb1:\x05\xc05\x00\xae$\
y\x17\x80\xf7\xd3n\xe4=\x85d\x0d\x80\x1d\xae\x83P\
\xc4\xe5\xf3~?\x1a\xb7\xca\xe2s\xddY\x00\xb8\x93\xd4\
\x02`td\xd7g\x8e\xa8\x0c\x22\xdag \xca\x02\x80\
\xca\xe6\xf5i\x80\x9c\x02\x88\xa7\x84N\x01x\xdfq\xa3\
hP\xe93\xaa\xd8\xe9:\x07E\x9f\xcf\x05\x80\xcd-\
]<\x08\xc8\x9d\xa4N\x01\xf8\xfcY\xa3\xe8\x10\x04;\
\x0c\xc4\xf4\xb9\x0eB1\xe0\xf3]\x09;\x00\xf1\x94\xd4\
\x83\x80X\x00P\x08\x02\xc8\x0e#\x12p\x0a\x80\xca\xe6\
\xf5]\x89\xcd=\xdd|\x1a\xa0;V\x1f\x06\xe4s\x07\
\xc0\xe3b\x9b\xa2C\xb5\xcfH \xec\x00P\xd9|\xfe\
R\xb2:\x05\xc0\x0e\x8036\xff\xec\xbd^\x03\xc0\x1d\
\x00\x14\x02Ia\xa7\x811[]\x07\xa1\x18\xf0\xf9h\
R\x9b_\xe6\x5c\x03\xe0\x8e\xd5\x93\x00\xfd\xed\x00\x80\xa7\
\x00R(\xd2O\x18\x00O\xb8\x8eA\xd1\xe7s\x07\x00\
in\x03\x8c\xa5q\x8bO2\xb7\xf9\x08\xe92\xa9\xcf\
\xc56EF\x90\x92'L\xfd\xec9O\x01\xe0\xa6R\
*\x8f\xc7k\x00\xc4\xe2\x1a\x00N\x01\xb8c\xf3\x10&\
\x9f\xa7\x00\xbc^pKQ\x91k\xbc\xe5\xae>#\xab\
W\xe7\x01<\xe5:\x0dE\x9b\xd7\x1d\x00\xab\xcf\x02`\
\x07\xc0\x99\xc4n\x03\xf4\xf8\xb3FQ\xf1\xa4\x00jv\
\xfdw\xe54\x00\x95\xc5\xeb]\x00\xdc\x06\x18O\x09}\
\x1a \x17\x01R\x08\x9e\x00\x80\xdd\x05\x80\xb0\x00\xa0\xf2\
x\xfc\xa5\xc4\x87\x01\xc5\x93\xdd)\x00\x7f;\x00\x18\xf4\
\xfb\xe1[\xe4?\xd5=\x0a\x00\x15}\xccm\x1c\x8a:\
\xaf\xdb\x92V\xb7\x01r\x0a\xc0\x991\x9bS\x00\xec\x00\
P|\x19\xc1\xe3\xc0\xee\x02@\x14\x0f\xbb\x8dCQ\xc7\
)\x00\xaa8\x1e\x04DT\x12\x85<\x08<=\x05 \
,\x00\xa8L\x1e\x17\x00bsO7;\x00\xceh\xce\
\xde6@\xee\x02\xa08\xd3\xdd\xd7|\x03\x00&`\x01\
@\xe5\xf1\xba-iqO\xb7\xdalC\xd3\xd4\x92\xba\
\x08p\x88k\x00\xa8<F\xe5\x99\x02 P<\xe46\
\x0eE\x9e\xcfw%\xdc\x06\x18O6\x8b/\x9b\x87G\
\x95\xcb\xe7\xcf\x1aEB\x10\xe4\x1e\x02v\x17\x00\xe3i\
e\x07\x80\xca\xe2\xf3\x1a\x00\x9b\x07\x01q\x0d\x80;I\
=\x08\xc8\xebn\x1bE\xc2\x08F\x1e\x01v\x17\x00\xb3\
\xd7\xf6\xee\x04\xd0\xef4\x11E\x9a\xcf\x05\x80\xcdE\x80\
\xca\xa7\x01\xba\x93\xd4E\x80|\x16\x00\x95g\xfb\x81]\
\x9b\xb3\xc0\xbf\xce\x01\x00\x00\xfc\xcdQ\x18\x8a\x83\xb11\
\x7f\x1f\x8dk\xf3\xcb\x9c\x0f\x03r\xc7f\xf7\xc5\xd75\
\x00\xb9q\x7f?g\x14\x09\x02ly\xfa\xbf\xefY\x00\
l\x99\xe0g\x89\x0a\xa6\xc3\xc3\xae#L\x88\x07\x01\xc5\
T\x02\x0f\x02\xe2\x16@*\x97NT\x00\x88\xb0\x00\xa0\
2\xf9:\x0dPeoA\x17\x0f\x02r\xc7\xea\x83\x98\
<}\x1a\xa0\xd7Sm\x14\x0d:A\x01\x10@8\x05\
@e\xf1\xf6\xeeD\x8c\xbdU\xdd\xec\x00\xb8c\xeb\xcf\
>]\x05\x88\xd8\x19\xbb\x5c\xbe~\xc6(2d\x8fk\
\xfd3\x1d\x80@\xd9\x01\xa0\xb2\xf8|wbm\x1a\x80\
\x1d\x00w,\x15\x00V\x0f\x8e*\x93\xcf\x9f1\x8a\x86\
@t\xdf\x0e\x80I\xe7\xfe\xea&\x0e\xc5\x86\xcfw'\
\x96\xe6ty\x10\x90;\xd6\xa6_<\xde\x02\xe8\xf3C\
\xb7(\x1a\x8c\x98};\x00uk6=\x06`\xa7\x93\
D\x14\x0b:\xec\xf1\xdd\x89\xadE]\xf9\x1c\xa0jg\
l\x9a\x9c*`\xeb(`O\xe7\xff\x01n\x01\xa4\xb2\
\xf5e:6\xfc\xeb\xe9\xbf\xcfL\x01\x00\x0a\xc1\x1f\xdd\
d\xa28\xf0v\x0d\x00,\xae\xeaV\xe5\xb6,\x17,\
\xae\xbd\xf0u\x07\x00\xc0C\x80\xa8L*\x9b\xf7\xfc\x9f\
{n\x03\x84@\xee\xafl\x1a\x8a\x15\x9f\xe7'm\x1e\
\x064n\xef\xa1441\xab\xbb/|=\x03\x00\xf0\
\xfb3FQ0y\x01\xf0\xec\xdf$*\x86\xcf\x1d\x00\
>\x0f fl\xee\xbe\xf0\xb9\x03\xe0\xf3g\x8c\x22@\
\xf7\xba\xc97S\xfd&QQ|\xbe;\xe1a@\xf1\
\x92\xd0\xe7\x00p\x11 \x95C\xa6\xea\x00\x98\x14;\x00\
T:\x9f\xe7'm~\xa9\xf30\xa0\xcaS\x9bG0\
\xfb\xdc\x01\xe0\x22@*\x87NQ\x00\xcc\xb8\xb5\xe7\x11\
\x00;*\x1a\x88b\xc3\xeb\xf6\xa4\xcd\xbd\xdd\xec\x00T\
\x9e\xad\x1d\x00\x80\xd7\xdb\x00\xbd\xdeiC\xbe{*\xd3\
\xd5\xf3\xf8\x9e\xbf\xf0\xacE\x80P@7U6\x13\xc5\
FR\xa7\x00\xf8@\xa0\xca\xb39\x05\xe0\xf1A@^\
\x9f\xb5A\xbe\xdb\xe7\xda\xfe\xecE\x80P\xdd\xf7\x87\x88\
\x0a\xe1\xf3)eb\xeb(`p\x0a\xc0\x05\xab\x070\
\xf9|\x0e\x00\x0b\x00*\x91\xe8\xbe7\xf7\xfb\x14\x00\xc6\
\x08\x0b\x00*\x89\xcfk\x00\xacv\x00l\xb6\xa3ib\
6\x8b.\x9f\xa7\x00<.\xb2\xc9oj\x0a\xe9\x00\xc0\
\xdcS\x998\x14;>/P\xb2\xba\x06\x80\x1d\x80\x8a\
K\xe86@\xaf\xa7\xd9\xc8k\x1a\x14P\x00df\xcf\
\xf93\x00\x8fo\xe5\xc8W>w\x00\xac\xee\x02\xe0\xf3\
\x00*\xce\xe6\xb4\x8bx|\x10\x90\xcf\x9f1\xf2\x99d\
\x1bN\xdb\xb8\xcf\xf3~\xf6)\x00d\xf5\xea<\x80{\
+\x92\x89\xe2\xc5\xe7\xf9I\xab\xe7\x00\xb0\x03PqV\
\xa7\x00\xfc\xed\x00p\x1b \x95F\xef\x95U\x08\x9e\xfd\
\xab\xfb\x14\x00\xbbm\xb0\x9c\x86bHG\x86\x81`\x9f\
\x7fc~\xe0I\x80\xf1bu\x0a\xc0\xd3\x0e@\x10\x00\
c\xa3\xaeSP\x04)p\xf7D\xbf>q\x01 \xca\
\x02\x80\x8a\xa7\xba\xab\x08\xf0\x90\xdd\x83\x808\x05Pi\
6\xff\xcc}}\x18\x90\x0e\x0f\xf1\xc9\x93T\x12\x11-\
\xbc\x00\xc8\xe5\xd3\x13\xfe0\xd1\xb4|\x9d\x06\xa8\xb2\xb7\
\x0d\x90\x1d\x00\x07\x92\xb8\x08\x90\x0b\x00\xa9D\xa9|\xaa\
\xf0\x02`V\xd7\xdd\x0f\x00\xf8\xa7\xcd@\x14O\xden\
S\xb2z\x10\x10;\x00\x15\x97\xc0m\x80<\x03\x80J\
\xf4\xcf\xba\xae\x0d\x8fL\xf4\x1b\x93\xad\x01\x00\xa0\xdd\xb6\
\xd2P|\xf9Z\x00Xm\xeb\xe6X\x00TZ\x22\xa7\
\x00<\xfdl\x91\xef\xe4\xb7\x93\xfd\xce\xa4\x05\x80\xc2p\
\x1a\x80\x8a\xe7\xeb]\x0a\xd7\x00\xc4\x8b\xd5\x87\x01\xf9\xd9\
\x01\xe0\x93\x00\xa9\x14\x82\xc9\xd7\xf4M\xde\x01\xd0\xe0\x0e\
+i(\xd6\xbc\xdd\xa7lso7\xd7\x00T^\x02\
\xb7\x01r\x0b \x95\x22\x0f\xbd}\xb2\xdf\x9b\xb4\x00h\
\xd8\x7f\xb8\x07<\x10\x88\x8a\xe5\xe9\x97\x94\xd5\xb6.\x1f\
\x06TqV\xa7\x00|=\x08\xc8\xd7\xe2\x9a<&\xd9\
\xc6\x9d\x93?\xe0o\xd2\x02@Vo\x1e\xc3${\x07\
\x89&\xe3\xed\xe3J9\x05\x10/6\xd7]\xf8\xda\x01\
\xe0\x1a\x00*\x96\xe8\x9d\xd2\xdb;\xe9\x87e\x8aE\x80\
\x00\xa6h\x1d\x10M\xc4\xdb\x95\xca<\x08(^l\xee\
\xbc\xf0t\x0d\x80\xb7\x9f-\xf2\x96Ns\x0d\x9f\xba\x00\
0\xb8-\xd44\x14\x7f\x9e~I\xd9\xdd\x05\xc0\xa7\x01\
V\x9c\xcdg\x01xZ\x00p\x0a\x80\x8a\x16L}\x0d\
\x9f\xb2\x00\xc8\xe42w\x03\xe0\xd9\x93T\xb0DN\x01\
p\x0d@\xc5\xd9|\x18\x90\xd5C\xa3\xca\xc0E\x80T\
\xa4\xe1\x86\xda\x1d\x1b\xa7\xfa\x81)\x0b\x00\xe9\xea\x1a\x01\
t\xd2=\x84D\xcf\xe6\xed\x97\x94\xd5)\x00\xae\x01\xa8\
\xb8\x04>\x0b\xc0\xdb\xe2\x9a<\xa5\xeb\xe5\xe6-S\xde\
\xc0O\xb3\x06\x00P\x955\xe1\x05\xa2\xd8\xf3\xb4Mi\
\xb5\xad\xcb5\x00\x95gu\x0a\xc0\xcfE\x80\xbeN\xaf\
\x91\x9f\x04\xd3_\xbb\xa7-\x00R0\xb7\x86\x13\x87\x92\
\xc0\xdb\x85J\x16\xbf\xd4\xad\xb6\xa3iB\xcaE\x80D\
S\x93\xe9\xaf\xdd\xd3\x16\x00u\xa7m\xd8\x04`k(\
\x81(\xfe|mSZ=\x08\x88S\x00\x15\x97\xc0m\
\x80|\x18\x10\x15\xe1\x89\xfa\x8e\x0d\xf7M\xf7C\xd3\x16\
\x00\xb2\x0a\x01\x14\x9d\xe1d\xa2\xb8\xf3u\x0d\x80\xd5\xb6\
.;\x00\x95\x97\xc0\x83\x80x\x0e\x00\x15J!\xb7\x0a\
0\xed\xb3\xa3\xa7-\x00v\x0d\xa6\x9c\x06\xa0\x82x\xdb\
\xa6\xb4z\x10\x10\xb7\x01V\x9a\xdd]\x00\x9e\x16\x00\x9e\
\xae\xaf!\xff\x18\x04\x05\xad\xdd+\xa8\x00H\xe5\xf4f\
\x14PM\x10\xf9\xba\x08\x10iv\x00b\xc5\xea\xc3\x80\
<\x9d\x02\xf0\xb4\xbbF\xde\x09 \xa9\x82n\xda\x0b*\
\x00\xea\xd7\xf7>\x06\xe0\x9e\xb2\x22Q\x22\xe8\xd0 \xa0\
\xfe\xd5\x8aR\xcdm\x80\xb1bs\x0a\xc0f\xb1X*\
U\xe8\xc8\xb0\xeb\x14\x14\x0d\x1b2\x1d\x1b\x9e(\xe4\x07\
\x0b*\x00v\x91\x9bJMC\x09\x12\x04\xc0\x98\x87g\
G\xf1 \xa0X\xb1;\x05\xe0_\x01\xa0\xa3#\xbb>\
[D\xd3\x92_\x17\xfa\x93\x05\x17\x00F\xe5\xc6\xd2\xc2\
P\xd2x\xb9\x0e\xc0\x98]\xff\xb1\x81S\x00\x95g\xab\
\x03\x90J\xd9\xfbwR\x0e\xb6\xff\xa9@\xa2(\xf8f\
\xbd\xe0\x7f\xe9u\xeb6\xdc\x03\xe0\xd1\x92\x12Q\xa2x\
\xbbZ\xd9V\x17\x80S\x00\x95g\xa9\xe8\xf2\xf59\x00\
\x5c\x00H\x05Q<\x5c\xbf\xae\xfb\xf7\x85\xfex\xc1\x05\
\xc0\xee-\x05\xbf))\x14%\x8b\xa7\x05\x80\xadu\x00\
<\x08\xa8\xf2\xac\xed\xbc\xf0\xb0\xfd\x0f\x80\xa7\x00Ra\
\x0cn,d\xfb\xdf3?^\xcc\xd8\xaa\xbf(>\x11\
%\x8d\x97S\x00\x80\xc5\x0e\x00\xb7\x01V\x94\xaa\xbd\x83\
\x80|=\x03\xc0\xd7\x03\xb6\xc8+\xa2\xe6\x97\xc5\xfc|\
Q\x05@]\xbf\xae\x01\xd0WT\x22J\x1co\xdb\x95\
\xb6\x0a\x00\x0d\xf8H\xe0J\xca\xe7\xac\xed4\xf1\xf59\
\x00\xbe\x1e\xb0E^\xd9Q\xbf_\xb6\xab\x98\x17\x14U\
\x00Ho\xef\xb8\x02\x05\xaf0\xa4\x84\xf2\xf4\xcb\xca\xe6\
\x97\xbb\xda<\x9a\x96\xf6\x92\xc4\xe7\x00x{\xbe\x06y\
C\x80\xff\x95\xd5\x9b\x8b\x9a\x8f,~\xb9\xab\xc8\xf5E\
\xbf\x86\x12\xc5\xdbv\xa5\xd5'\x02\xb2\x00\xa8\x98\x84m\
\x01\x04<\x9eV#o\xe4\xb5\xf8ks\xd1\x05@C\
\xbe\xee\xff\x00\x0c\x14\xfb:J\x10_\xbf\xac\xaa\xd2\xf6\
\xc6\xe6Y\x00\x95c\xb3\xd8\xf2\xb6\x00\xf0\xb4\xa8&_\
\x0c4j]G\xb1/*\xba\x00\x90\xae\xae\x11\x007\
\x17\xfb:J\x0e_\xefVln\xf1Rv\x00*\xc6\
\xe6\xae\x0b_\xb7\x01r\x0a\x80\xa6q\xe3\xeeksQ\
J;\xf1B\xf5\xe7%\xbd\x8e\x12\xc1\xdfE\x80|\x1e\
@,$\xb1\x03\xe0\xe9\xba\x1a\xf2\x83\xaa^[\xca\xeb\
J*\x002\x9a\xf95\x80\x1d\xa5\xbc\x96\x12`0\xeb\
:\xc1\xc4\xb8\x06 \x1e\xac>\x08\x88\x1d\x00\x8a\x9c\xbe\
\x86\xda\x1d\xb7\x94\xf2\xc2\x92\x0a\x00\xe9\xea\x1a\x11\x91\x1b\
Jy-\xc5\x9f\xaf\x1d\x00\xab\xcfyg\x07\xa0bl\
\xee\xb8\xf0v\x1b \xd7\x00\xd0dT~.7o)\
\xe9\x01,\xa5\x1fz\x1d\xe8OJ~-\xc5\x9a\xafk\
\x00l\xb6w\xb9\x06\xa0\x82\xacN\x01\xf8\xd9\x01\xf0\xf6\
3E\x1e\xd0\x9f\x96\xfa\xca\x92\x0b\x80\xfa\xd3z\xd6\x81\
\xcf\x06\xa0\x89\xf8\xfae\xc5)\x80x\xb0\xd9m\xb1\xf9\
\xd8\xe8r\xb0\x03@\x13Q<\x9c9\xadg}\xa9/\
/\xb9\x00\x90U\x08\x14\xc2\xc5\x80\xb4\x0f\x1d\xf2s\x0d\
\x80\xd5\xf6.\xa7\x00*\xc6\xe6A@\xbe\xee\x02`\x07\
\x80&\x22F~&\xabP\xf2s\xa2\xcbz\xee\xa51\
\xf9\xef\x97\xf3z\x8a)_\xbf\xac8\x05\x10\x0f6\x8b\
\xad\xb4\xa7\x1d\x00_\x0f\xd7\x22\xc7\xe4\xear^]V\
\x01\x90Y\xdb{\x1f\x80M\xe5\x8cA\xf1\xe3\xeb\x22@\
\xbbS\x00\xec\x00TL\x12O\x02\xe46@z\x16\x01\
\xba3\x1d\x1b\x0a~\xf4\xefD\xca*\x00v\xc7`\x17\
\x80\xf6\xe2\xeb\x97\x95\xd5)\x00\x9b\xe7\xd3\xd3^lv\
[\xac\xee\x14)\x83\x0e\x0f\xbb\x8e@\x9e\xd1\x10\xae\xbd\
e\x17\x00AU\xea\x1a\x00%mA\xa0\x98\xca\x8d\xdb\
{\x5ck9\xac\x9e\x04\xc8\x0e@\xc5$\xad\x030>\
\xe6\xe7\xe7\x89\x5c\x1a\xc9\x05c?+w\x90\xb2\x0b\x80\
\x99\xb7\xdc\xb5\x1d@Q\xcf \xa6\xf8\xf3r\xd1\x12\x17\
\x01\xc6\xc3\xb8\xc5G/{\xb8\x08\xd0\xd7\x8e\x1a9\xa4\
\xb8~V\xd7\xef\xca>\x8c/\x84)\x00@T\xbe\x17\
\xc68\x14\x1f>\x1e\x5cb\xb5\xbd\x9b\xb3xQ\xa2\xbd\
Y}\x16\x80\x7f\x1d\x00o\xd7\xd4\x903\x02\x842\xf5\
\x1eJ\x01P\xbf\xae\xfbV@\xb6\x841\x16\xc5D\xc2\
:\x00\xca\xa7\x01V\x8c\xd5\x1d\x17\x1ev\x00\xbc\xfc,\
\x91K\x7f\xdb}\x0eO\xd9\xc2\xe9\x00\x00\xaa\xc0w\xc2\
\x18\x8b\xe2\xc1\xc7\x0e\x80\xd5-^\xdc\x06X9V\x0f\
\x02\xf2\xaf\x00Pn\x01\xa4=\x88\xe0\xaar\xf6\xfe\xef\
)\x94\x02\x00\x00\x10\xe4\xbf\x0b\xa0\xe8\xc7\x11RLy\
\xd8\xb6\xb4z\xc8\x0b\xd7\x00T\x8e\xc5n\x8b\xa4\xd3\xd6\
\xc6.\x19\xd7\x00\xd03Fu,\xf7\xa3\xb0\x06\x0b\xad\
\x00h\xec\xea}\x0a\x8a\xeb\xc3\x1a\x8f\xa2\xcd\xcb\x85K\
\x16\x8fy\xe5A@\x95\x93\xb4)\x00\xae\x01\xa0\xa7\xa9\
\xe8\xb5\x0d\xeb7m\x0dk\xbc\xf0:\x00\x00\x14zU\
\x98\xe3Qty\xf9\xa5\xc5\x0e@<$l\x1b\xa0\x97\
;j\xc8\x11\xf3_\xa1\x8e\x16\xe6`\x8d\xeb6\xde\x09\
\xe0\xde0\xc7\xa4\x88\xf2p\x0d\x80\xddg\x01\xb0\x03P\
1\x16w\x5cxy\x10\x90\x87\x9f%r@\xf0\xbb\xc6\
\x8e\xee\xbb\xc2\x1c2\xd4\x02\x00\x00T\xf5\x1ba\x8fI\
\xd1\xe3\xe5\x22@\xab\x07\x01\xb1\x00\xa8\x14\xab;.|\
\x9c\x02\xf0\xf1\xb3D\x15'\x90\xaf\x85=f\xe8\x05@\
C\xed\x8ek\x00<\x1e\xf6\xb8\x14-^\xb6-y\x10\
P<X]\x03\xc0)\x00\xf2\xd2\x93\xf5\xf9\xbak\xc3\
\x1e4\xf4\x02@n\xde2\x0a\xc8\x7f\x87=.E\x8c\
\x87_Zvw\x01\xb0\x03P1V\x0f\x02\xf2\xaf\x03\
\xe0\xe3\x8e\x1a\xaa0\xc5\x7fJWW\xe8\xbb\xecB/\
\x00\x00\x00\xe9\xf4\xb7\xc0-\x81\x89\xe6\xe5\xdee\x1e\x04\
\x14\x0bV\x9f\xbb\xe0e\x07\xc0\xc3\xcf\x12U\xd2\xa8\x18\
\xf3m\x1b\x03[)\x00\x1an\xfd\xed\x93\xaa\x08\xbd]\
A\x11\xe2a\x07\x80S\x001\x91\xb0)\x00.\x02L\
6Q\xbd:\xd3\xb1\xe1\x09\x1bc\xdb\xe9\x00\x000\x90\
\xaf\x02P[\xe3\x93\xdf\xbc\xbck\xe1\x14@<$\xed\
Y\x00>\x16\xd3T)\xaa\xbb\xae\xa5VX+\x002\
\xeb\xba\xefU\xc8\xcd\xb6\xc6'\xbf\xf9\xf8\xa5e\xf3\xcb\
]\xf9\xb8\xd6\x8a\xd1\xb1\x84\x1d\x04\xe4\xe1g\x89*\xe6\
\xc6\x86u=\x9bm\x0dn\xad\x00\x00\x00\x81^as\
|\xf2\x98\x8f\x1d\x00\x9b{\xbcm^\x94ho6\x8b\
-\x0f\x0b\x00.\x02L.U\xfd\x82\xcd\xf1\xad\x16\x00\
\x0d\x9d=\xb7\x03\xf8\xad\xcd\xf7 ?\xf9y\x12 \xd7\
\x00\xc4\x82\xc5\xe9\x16\xb1x\x5ct\xa9t0\xeb:\x02\
\xb9q\xfb\xee\xc3\xf5\xac\xb1Z\x00\x00\xf6+\x18\xf2\x93\
\x8f\xcf\x02\xb0\xb9\xc5\x8b\x07\x01UN\xe2\x0e\x02\xf2\xb1\
\x98&\xeb\x8c\xda\xef\xa0[/\x00\x1a\xd6m\xfc\x15\x80\
\xfbm\xbf\x0fyfl\x14\x08BybexR)\
\xc0X\xfa'\xcf\x0e@\xe5\xd8\xfa\xb36\xc6\xde\xbf\x8f\
R\xe5\xf3\xc0\xe8\xa8\xeb\x14Ty\xf7\xd5\xad\xdbh}\
\x0d\x9d\xf5\x7f\xed\x02\xa8\xa8|\xd6\xf6\xfb\x90gT\xfd\
\xbcs\xb15\x0d\xc0\x02\xa0rlu[|\xbc\xfb\xe7\
\x02\xc0dR\x5c&\x15\xd8EW\x91r\xb7~\xff#\
\xaf\x05\xf0\xa7J\xbc\x17y\xc4\xc3\x85\x80\x92\xb6S\x00\
X]\x99N{\xb1u\x10\x90\x8f\xf3\xff\xf0\xf1@-\
\xb2\xed\xfe\xcci=\xd7U\xe2\x8d*R\x00\xc8\xea\xd5\
y\x11\x5cV\x89\xf7\x22\x7fxy\xf7\xc2\x0e@\xf4\x8d\
[z\x1a\xa0\xa5\xe2\xb0\x1c^~\x86\xc8.\xc1\xa5\xb2\
\x0a\x15\x99?\xad\xd8\x84W\xfd\xec\xb9?\x03\xbb\x00\x89\
\x92\xa8\xc3\x80\x82\xc0\xbf5\x0fq\x94\xcb\x01j\xe9\xcf\
\x99S\x00\xe4\x9c\xfe1sJ\xcf\xeaJ\xbd[\xc5\x0a\
\x80\xdd]\x00\xae\x05H\x12\x0f\x0b\x00\xab\xcf{\xe7N\
\x00\xebl>\x07\xc0\xc7S\x00}\xfc\x0c\x91E\x15\xbc\
\xfb\x07*X\x00\x00@\xfd\xec\xb9?\x05\xbb\x00\x89\xe1\
\xe5\xdd\x8b\xc5\x02\x80\x0f\x04\xaa\x80\x9c\xa5\xf6?`\xf7\
\xa0\xa8\x12y\xb9\x90\x96l\xd9\x9c9e\xe3\xcf+\xf9\
\x86\x15-\x00d\xf5\xea<D?Q\xc9\xf7$w\xbc\
\x9c\x02\xa8\xae\xb16\xb4\xd5\xeeB\xa1jg\xd8\x1b{\
F\x9d\xbd\xb1\x0be\xf1.]jj\xad\x8d]*/\
?Cd\x85\xaa~\xac\x92w\xff@\x85\x0b\x00\x00\xc8\
tl\xbc^ \x1b*\xfd\xbe\xe4\x80\x87w/\xe6\x80\
\x03\xed\x0c\x5cS\xb3\xeb?\x8e\xc9\xfe\x07X\x1b\xdbX\
\x1c\xbbPR;\xc3\xda\x5c\xbd\x1cx\xb0\x95q\xcb\xe2\
c\x17\x8dB\xa7@\xcf\xee3s*\xaa\xe2\x05\x80\x00\
\x0a\x09\xd8\x05H\x00\x1f\xef^\xe4\x90\xc3\xac\x8ck\x0e\
=\xc2\xca\xb8\xc52\x87\xd9\xcb!\x87\xcf\xb16v1\
\xcca\x87\xdb\x19\xf7\x90C\xad\x8c[\x0e\xe56\xc0D\
\x10\xc8\x87+\xb1\xef\xff\xd9\x9c\x1c{\x95\xe9\xd8\xb8\x06\
@\x87\x8b\xf7\xa6\x0a\xf2\xf0\xee%\xbdp\xb1\x95qS\
\xcd\xadV\xc6-\x969\xe2H\x18\x0b\x17js\xd8\x11\
V\x8b\x8bb\xa4\x9a\x17\xd9\x19\xb7e\x89\x95q\xcb\xe2\
\xe1\x91\xda\x14\xba5\x0d\x9d\xdd\x9d.\xde\xd8\xd9\xb9\x97\
\x01\xf4\xa3pP\xf1P\xe5\xf8\xb8\x080u\xc2B\xc8\
\xcc\xa6\xd0\xc7M\x9f\xda\x1e\xfa\x98\xa5J\x9f\xb6<\xfc\
1\xdb\xcf\x08}\xccR\xd9\xf8\xff'M\xb3\x90:\xee\
\x84\xd0\xc7-\x17\x17\x01\xc6\x9e\x1a\xc1\xc7\x5c\xbd\xb9\xb3\
\x02`f\xe7\xc6n@\x7f\xe6\xea\xfd\xc9>/\xdb\x97\
\xa9\x14\xaa_\xf3\x86p\x87<\xb1\x15\xa9\xf9\xc7\x85:\
f9\xaa^\xfdzHCch\xe3IC\x03\xaa\xce\
{mh\xe3\x95+5\xff8\xa4Nl\x09u\xcc\xea\
\xd7^\xb4\xebY\x11\x9e\xf1\xb1\x88\xa6\xf0(pM}\
GO\x8f\xab\xf7w\xfa\xe4\x8bT\x90\xfa\xa0\x00\x1e^\
%(\x14\x9e\xb6/\xab^y~x\xed\xec\xeaj\xd4\
\xbc\xf5]\xe1\x8c\x15\x12\xc94\xa0\xfa\xe2\xb7\x866^\
\xf5\xbf\xbd#\xd4\x82\x22\x0c5o}wh\xdb\xf6\xcc\
\x9c\xb9\xa8z\xf9\xcaP\xc6\x0a\x9d\x87\xebh(4C\
U&pv\xf7\x0f8.\x00\xea\xba6<\xa2\x90/\
\xb9\xcc@\xf6x\xdb\xbeLW\xa1\xf6\xb2/C\x1a\x1a\
\xca\x1e\xaa\xe6\x9d\xef\x87\x99wL\x08\xa1\xc2U\xf5\xb2\
\x95\xa8:\xfb\xe5e\x8f\x93>\xe3lT\x9d\xfb\xca\x10\
\x12\x85\xcb\xcc;\x065\xef|\x7f\xd9\xe3H]=j\
?\xf99/\x8f\x01\x06\xfc\x5cHK\xa1\xf9\xfc\x8c\xb5\
\xbd\x0f\xb9\x0c\xe0\xfc\xd9\x97\x99\xe1\xd4\x15\x0ay\xd0u\
\x0e\xb2\xc0\xe3\xf6\xa5\x993\x17\xb5\x9f\xfe\x02$Sb\
\x11 \x82\xeaK\xde\x15\xcaE\xd6\x96\x9aw\x7f\x00\xe9\
3^R\xf2\xeb\xab\xce<\x07\xb5\xef\xfbh\x88\x89\xc2\
Uu\xf6\xcbQ}\xc9\xbb\x00\x91\x92^/\x99\x06\xd4\
^\xf6e\x98\xa3\xe6\x85\x9c,D\xc3\xc3\xae\x13\x90\x0d\
\x8a\x873\xf5\xc1W\x5c\xc7p^\x00\xc8]w\x0d\x1b\
\x04\x1fq\x9d\x83\xc2\xe7\xfb\xddK\xea\xf8f\xcc\xf8\xd6\
\x0f`\x9eS\xdc\x05@\x9af\xa1\xf6S\x97\xa3\xfa\xfc\
\x0b-%\x0bI\xba\x0a\xb5\x1fZ\x85\x9aw\xbc\x17R\
W_\xf0\xcb\xa4>\x83\x9aw\xbe\x1f5\x1f\xfc\xa4\xb7\
w\xc6O\xab>\xffB\xd4~\xf2s\x90\xa6YE\xbd\
\xce\xcc;\x063\xae\xfa!R\xc7\x9fh)Y8|\
\xff\x0cQ\x89D\xde'7\xf6:\xbfC*\xadt\x0e\
\x99\x02\x92mo\xb9\x0d\xc0)\xae\xb3Pxd\xff\x03\
P\x7f\xed\xaf]\xc7\x98^>\x8f\xf15\xbf\xc1\xf8O\
~\x80\xe0\xd1\x87'\xfd1i\x9a\x85\xaa3\xcfA\xd5\
\x05\x17C\xea3\x15\x0cX>\xdd\xd1\x87\xb1\x9f\xfe\x10\
\xb9\xdb\xd6B\xb7>9\xe1\xcf\xc8\x01\x07!\xbd\xect\
T\xbf\xe6\x0dVvJ\xd8\xa4\xd9\x01\x8c\xff\xe4\x07\x18\
\xbf\xe5&\xe8\x8e\xbeI\x7f\xce\x1c>\x07\xd5\x17\x5c\x8c\
\xf4\x8a\xb3\x00\xe3\xfc\xfegZ\x83\xe7\x9f\x0d}j\xab\
\xeb\x18\x14\xae;3\x9d=\xa7\xb8\xd8\xf7\xffl^\x14\
\x00\x000\xb8b\xe1\x09A \x1b\xe1AW\x82\xc2!\
u\xf5\xa8\xbfq\x9d\xeb\x18E\x09\x1e\xf8;\xf2\xf7\xf4\
 x\xe21h\xdfvH&\x03s\xf0\xa10\xf3\x8e\
AjAs$.\x1aSRE\xf0\xb7\xbf x\xf0\
\x01h\xdf6\x00\x80\xcc\xda\x0f\xe6\xc8\xa3`\x8e~n\
\xc9\xedto\x04\x01\xf2\xbf\xdb\x88`\xcb_\x10<\xfe\
O\xe8\xe0 d\xd6l\x98\x83\x0eA\xaa\xb9\x15f\xce\
\x5c\xd7\x09\x8b2x\xee2v\x01\xe2%0\x81,\xaa\
\xef\xea\xde\xe8:\x08\xe0Q\x01\x00\x00\xd9\xf6\x96\xef)\
p\xb1\xeb\x1c\x14\x121\xc8\xac\xb9+\xfa\x17\x15\x22\x17\
T\x91=}\x89\xbd\xc7\x1f\x93\x0b\xff\xd3\xd0\xd9s\x89\
\xeb\x10O\xf3\xebvF\xccG\x00\xf4\xbb\x8eA!\xd1\
\x00:\xc2ELD\xa5\xd0\xe1a^\xfc\xe3e@\x02\
|\xd2u\x88=yU\x00d:6<\xa1\xc0\xe7]\
\xe7\xa0\x10y\xbc\x13\x80\xc8k>\x1e\xa4E%\x13\xc1\
\xa73]=\x8f\xbb\xce\xb1'\xaf\x0a\x00\x00h\xa8\xe9\
\xfb* [\x5c\xe7\xa0px{\x16\x00\x91\xe7x\x0a\
`\xac\xfc\xb9~\xf6\xd07]\x87x6\xef\x0a\x00\xb9\
y\xcb(L\xf0\x16x\xb0B\x92B\xc0/1\xa2\xd2\
\xf0\xb3\x13\x17\x0a\xc8\xdbe\xf5\xe61\xd7A\x9e\xcd\xbb\
\x02\x00\x00\x1a\xd6n\xec\x12\x91\xef\xbb\xceA\xe5\xe3\x0a\
f\xa2\xd2\xf0\xb3\x13\x13*\xdfv\xf5\xb4\xbf\xe9xY\
\x00\x00\xc0\x98\xe4\xdf\x0b\xe0Q\xd79\xa8<\xfc\x12#\
*\x0d?;1 x,?^\xed\xedAw\xde\x16\
\x00\xb3\xd7\xf6\xee\x84\xe8\xbf\xbb\xceAe\xe2\x1a\x00\xa2\
\xd2\xf0\xb3\x13y\xaa\xf2\x8e\xa6;\xee\x98\xfcd*\xc7\
\xbc-\x00\x00\xa0\xa1c\xe3u\x00\xfe\xd7u\x0e*\x1d\
\x172\x11\x95\x86\x9f\x9d\xa8\x93\xeb\x1a;\xbb\xbd\xbe~\
y]\x00\x00\x80\x19\x0f\xde\x01\xc0\xdb\x0a\x8a\xa6\xc66\
&Qi\xf8\xd9\x89\xb4\x9d)\xa4\xbc\xef`{_\x00\
\xd4\xaf\xef}\x0c\xa2\xde\xce\xa1\xd04\xf8%FT\x1a\
~v\x22KE\xdeW\xd7y\x97\xf7k\xd8\xbc/\x00\
\x00 \xd3\xb1\xf1\xdb\x00:\x5c\xe7\xa0\xe2\xb1\x8dIT\
\x1a\x9e\xa1\x11Y\xb75tt\x7f\xcfu\x88BD\xa2\
\x00\x10@\x83\x94y\x1b\x00\x9e+\x1b5\xfc\x12#*\
\x0d\x8b\xe7(\x1a\x0e\x82\xfc\x9b}x\xd2_!\x22Q\
\x00\x00\xc0\xcc5\x1b\xfe\xaa\x8a\xcf\xb8\xceA\xc5\xd1A\
\xb61\x89J\xc15\x00\xd1\xa3\x90O\xcf\xec\xba'2\
'\xd9F\xa6\x00\x00\x80\x06\xad\xff\x22\x80\xbb\x5c\xe7\xa0\
\xc2)\xcf3'*\x09\xa7\x00\x22\xe7\xce\x86\xa0\xee\xcb\
\xaeC\x14#R\x05\x80tu\xe5\xf2i\xb9\x00|b\
`d\xe8\x8e\x1d\xae#\x10E\x92\xf6mw\x1d\x81\x0a\
&\xd9 \xc8\xbfQ\xba\xbar\xae\x93\x14#R\x05\x00\
\x004\xdd\xda\xfd\x0f\x11y\xb7\xeb\x1cT\x18\xdd\xb6\xd5\
u\x04\xa2H\xd2\xa7\xf8\xd9\x89\x0a\x11}[\x94Z\xff\
O\x8b\x5c\x01\x00\x00\x99\x8e\xee\x1f\x02\xfaS\xd79h\
z\xba}\x1bt\x07\x8fq *\x86\xf6m\xe7\xe7&\
:Vg:z\xaev\x1d\xa2\x14\x91,\x00\x00 \x17\
\xe4\xde\xae\x90\x07]\xe7\xa0\xe9\xe5\xfft\xbf\xeb\x08D\
\x91\x92\xff3?3\x91\xa0x8?V\xf3V\xd71\
J\x15\xd9\x02`V\xd7\xefv@p!\x80\xbc\xeb,\
4\xb5|\xf7\x9d\xae#\x10EJ\xfe\xee;\x5cG\xa0\
\xe9\x05H\xe9\x1b|>\xeb\x7f:\x91-\x00\x00\xa0\xb1\
\xa3{\xbd\x08\xbe\xe0:\x07M-wG\x17\x90\x8b\xd4\
\xda\x18\x22wr9\xe4\xee\xbc\xcdu\x0a\x9a\x8e\xe2\xb2\
\x86\xb5\x1b\xbb\x5c\xc7(G\xa4\x0b\x00\x00\xa8\xcf\xd7\x7f\
R \x1b\x5c\xe7\xa0\xc9\xe9\xb6\xa7\xf8\x85FT\xa0\xdc\
\x1d]\xd0\xed\xdb\x5c\xc7\xa0)\xa8`c\xa6?\xb8\xcc\
u\x8erE\xbe\x00\x90\xae\xae\x5c\x0e\xf9\x0b\x00\x0c\xb8\
\xceB\x93\x1b\xbb\xfa\xbb\x80\x06\xaec\x10\xf9M\x03\x8c\
\xfd\xf4\x07\xaeS\xd0\x94$\x0b\xc8\x05\xd2\xdb;\xee:\
I\xb9\x22_\x00\x00@Sg\xef\xdf\x14\xf2^\xd79\
hr\xc1\xdf\xb7 \xb7\xf6\xff\x5c\xc7 \xf2\xda\xf8-\
\xbfF\xb0\xe5/\xaec\xd0\x14D\xf0\xce\xc6\x8e\xeeX\
\xfc%\x89\xeb\x00a\xca\xb6\xb7|_\x817\xba\xceA\
\x13\x93\x99M\xa8\xfb\xde\xb5\x90\xa6Y\xae\xa3\x10yG\
\xb7o\xc3\xd0\x9b\xce\x87\x0e\xf0\x9c3_)puc\
g\xcf\x85\xaes\x84%\x16\x1d\x80\xa7\xd5\x07\xf5o\x03\
\xd0\xeb:\x07MLw\xee\xc0\xc8e\x1f\x03\xf2\xdc\xb8\
A\xb4\x97|\x1e#\x97}\x9c\x17\x7f\xbf\xdd\xdbP\x1f\
Dv\xcb\xdfDbU\x00HW\xd7H\x1a\xb9\xf3\x00\
<\xe5:\x0bM,\xbfi#F\xbf\xf1E@#\xf1\
\xb0,\x22\xfbT1\xfa\xf5+\x90\xbf\x97\xf7.\x1e\xdb\
\x9e7x\xa5\xdc\xd8\x1b\xab\x074\xc4\xaa\x00\x00\x80\x19\
\x9d\x9b\x1e\x14\xd1\xd7\x81\xe7\x03xk\xfc\xa6\x1b0z\
\xe5\x97\xb9(\x90H\x03\x8c\xfe\xe7\x971\xfe\xeb_\xb8\
NB\x93\x0bDpA\xd3\xda\x9e\xbf\xbb\x0e\x12\xb6\x94\
\xeb\x006|\xee\x1f\xff\xfc\xfbG\xe7\x1e\xa6\x10,s\
\x9d\x85&\x16\xfci3\x82\x7f\xfc\x0d\xa9\xd6\x93 U\
\xd5\xae\xe3\x10U\x9c\x0e\x0db\xf4\xb2\x8f#\xb7\xe67\
\xae\xa3\xd0\x14T\xf1\xb1\x86\xce\x9e\x1f\xb8\xceaC\xac\
\x16\x01\xeeI\x01\xc9\xb6\xb7\x5c\x07\xe0\x95\xae\xb3\xd0\xe4\
\xcc!\x87\xa1\xe6C\x9fB\xeaE\x0b\x5cG!\xaa\x98\
\xfc\xef7a\xf4\x8aO#x\xfc\x9f\xae\xa3\xd0\xd4~\
\x95\xe9\xecy\xb9\x00\xb1\x9c\xb3\x8cm\x01\x00\x00[O\
>\xb9\xa1\xb6ft\x03 \xc7\xba\xceBS\x10Az\
\xd9\xe9\xa8\xbe\xf0\xcd0s\xe6\xbaNCdM\xf0\xe0\
?0\xf6\xa3\xef w\xdbZ\xae\x83\xf1\xdf_\xc6M\
\xd0:{m\xefN\xd7Al\x89u\x01\x00\x00\xfdm\
\xcd\xcf\x17c\xba\x014\xb8\xceB\xd3\x10\x83T\xeb\x12\
T-\x7f1R\x8bO\x86\xd4g\x5c'\x22*\x9bf\
\x07\x90\xdfp'\xc6\xd7\xfe\x1f\xf2=ws\xedK$\
H\x16\xaa\x8b\x1b\xd6\xf5lv\x9d\xc4\xa6\xd8\x17+S\
\xac\xd5\x00\x00\x0d`IDAT\x00\x000\xb0|\xe1\
k\xa0\xc2\xc7\x07G\x8910\xcfy.RG?\x17\
r\xc8a\x90\x99M\x80\x89\xdd\x9aU\x8a\xa3|\x1e\xda\
\xbf\x13\xfa\xd8\xa3\xc8\xff\xed\xaf\x08\xfe\xfeW \xe0E\
?B\x14\x8a\xd74\xac\xeb\xf9\xb9\xeb \xb6%\xa2\x00\
\x00\x80\xfee\x0b\xbf,\xc2\xd3\x02\x89\x88hr\x22\xf2\
\xc5LG\xf7\x07]\xe7\xa8\x84\xc4\xdcR5\x9c\xb6\xf1\
\x03\x80r\xaf\x0d\x11\x11MH\x80\x9b\xeag\x1f\xf9\x11\
\xd79*%1\x1d\x00\x00\xd0%Kfd\xebr\x9d\
P,v\x9d\x85\x88\x88\xfc\xa1\x82\x8dC\xa9\xd1\xb6\x83\
o\xfd\xfd\xa0\xeb,\x95\x92\xa8\x02\x00\x00\x06N9\xe1\
\x00T\xa5\xef\x02p\xb4\xeb,DD\xe4\x9e\x00\x0f@\
\xcc\xe2L\xc7\x86'\x5cg\xa9\xa4\xc4L\x01<\xada\
\xfd\xa6\xad0\xa9s\x01\xf4\xb9\xceBDD\xce\xed\xd4\
@\xcfM\xda\xc5\x1fH`\x01\x00\x00\x0dk\xef\xfe#\
\x14\xaf\x000\xea:\x0b\x11\x1193.\x8a\xf3\x1a\xba\
6\xfe\xc1u\x10\x17\x12Y\x00\x00@\xc3\xba\x9e\xdb\x04\
z1bz\xc2\x13\x11\x11MIE\xe5\xcd\x99u=\
\x1d\xae\x83\xb8\x92\xd8\x02\x00\x002\x9d\x1b\x7f\x0a\xc8\xa5\
\xaes\x10\x11Q\x85)>\x95Y\xd7\xfd#\xd71\x5c\
J\xdc\x22\xc0gS@\x06\x96\xb5|_\x04\x17\xb9\xce\
BDD\x15\xf1\x93Lg\xcf\xeb\xe3z\xc6\x7f\xa1\x12\
\xdd\x01\x00\x00\x01\xb4\xa1?x\x0b\x80\xc4\xb6\x81\x88\x88\
\x12\xe4\xb6\xcc~C\x17'\xfd\xe2\x0f\xb0\x00\x00\x00H\
o\xef\xf8X\x8dy\xa5\x0a6\xba\xceBDD\x96\x08\
~\x97\x0b\xc6_.\xab7\x8f\xb9\x8e\xe2\x83\xc4O\x01\
\xec\xa9\xafmAS:U\xb5\x0e\x0a>\x9b\x96\x88(\
^\xeeS\x91e\x8d\x1d\xdd\xdb\x5c\x07\xf1\x05\x0b\x80g\
\x198\xe3\xa4\x03\x91\x1b\xbf\x0d\xc0\xf3]g!\x22\xa2\
P\xfc\xd5\x8c\x07\xa7\xd5\xaf\xef}\xccu\x10\x9f\xb0\x00\
\x98\xc0P\xdb\xa2\xc3\x03\x09nW\xc1Q\xae\xb3\x10\x11\
Q\x19\x14\x0f\xa7%w\xca\x8c\xceM\x0f\xba\x8e\xe2\x1b\
\xae\x01\x98@]\xd7\x86Gr\x12\x9c\x0e\xe0\x9f\xae\xb3\
\x10\x11Q\xc9\x9eP\xe8\xe9\xbc\xf8O\x8c\x1d\x80)\xf4\
/[x\x8c\x88\xdc\x06\xe0 \xd7Y\x88\x88\xa8(O\
A\xd1\xd6\xb0\xaeg\xb3\xeb \xbeb\x07`\x0a\x8d\xeb\
6\xfeYT\xce\x04\x9f\x1b@D\x14%;\x8d\x9a\x17\
\xf3\xe2?5\x16\x00\xd3\xc8\xac\xeb\xbe7\x08\xccK\x00\
\xc9\xba\xceBDD\xd3\x1aR\x91s\xeb\xd7m\xe8u\
\x1d\xc4w,\x00\x0a0\xb3k\xc3\xdd\xa2\xfar\x00#\
\xae\xb3\x10\x11\xd1\xa4\x86\x019\xb7\xb1\xa3{\xbd\xeb \
Q\xc0\x02\xa0@\x99u=\x1dP\xbc\x18\xc0\x80\xeb,\
DD\xb47\x01\x06\xc5\xe0\xa5\x0d\x9d\xdd\x9d\xae\xb3D\
\x05\x17\x01\x16ipyKK\xa0\xf8?\x00\xb3]g\
!\x22\x22\x00\xc0\x0e\x05\xcen\xec\xec\xf9\xad\xeb Q\
\xc2\x02\xa0\x04\x83+\x16\x9e\x10\x04r\x0b\x80\x03\x5cg\
!\x22J\xb8\xed\x01\xf4\xac\x99\x9d\x1b\xbb]\x07\x89\x1a\
\x16\x00%\xeaok~\xbe\x18\xb3\x16\xc0a\xae\xb3\x10\
\x11%\xd4\xe3b\x8232k{\xefs\x1d$\x8a\xb8\
\x06\xa0D\x8d]\xbd\x7f\xca\x05\xa9\xa5\x00\xfe\xee:\x0b\
\x11Q\xd2(\xe4\xc1 \xc8\x9f\xc2\x8b\x7f\xe9\xd8\x01(\
\xd3\xf0\x8a\xe69\xb9\xc0\xac\x01\xf0<\xd7Y\x88\x88\x12\
\xe2\xcf\xa94N\xaf\xbb\xb5\xe7a\xd7A\xa2\x8c\x1d\x80\
2\xcdX\xdb\xfb\x90\x889\x15\xd0\xdf\xbb\xceBD\x94\
\x00\xf7\x9bT\xae\x9d\x17\xff\xf2\xb1\x00\x08A\xa6c\xc3\
\x13\xf9\xb1\xda6\x81lp\x9d\x85\x88(\xc6z5\x08\
N\xab_\xb3\x89\xcfi\x09\x01\x0b\x80\x904\xddqG\
\xdf\x98\xc9\x9f\x09\xe8:\xd7Y\x88\x88b\xa8c\xac\xc6\
\xb47v\xf5>\xe5:H\x5cp\x0d@\xc8\xb4\xad-\
\x9dM\x0d^\x09\xc5%\xae\xb3\x10\x11\xc5\x81\x00?\xa8\
\xdf\x19\x5c\x22\xbd\xbd\xe3\xae\xb3\xc4\x09\x0b\x00K\xfa\xdb\
[?$\xd0\xcf\x83\x7f\xc6DD\xa5R@.\xcdt\
v\x7fZ\x00u\x1d&nxq\xb2(\xbb\xac\xf5\x0d\
*\xfa?\x00\xaa]g!\x22\x8a\x981\x81\xbe9\xd3\
\xb9\xf1\xc7\xae\x83\xc4\x15\x0b\x00\xcb\x06\x96/Z\x06\x0d\
n\x00\xd0\xe4:\x0b\x11QD\xf4\xc1\xe8+\x1b\xd6n\
\xecr\x1d$\xceX\x00T\xc0\xc0\xf2E/\x10\x0d~\
\xad\xc0\x5c\xd7Y\x88\x88|&\x8a\x7fh*uv\xc3\
\xda\xbb\xff\xe8:K\xdc\xb1\x00\xa8\x90l[\xcb\xc1\x81\
\xc1\xaf\x04hq\x9d\x85\x88\xc8G\x02tC\xccK3\
\x1d\x1b\x9ep\x9d%\x09\xb8\x0d\xb0B2]=\x8f7\
\xd4\x07m\x10\xf9\xa5\xeb,DD\xfe\xd1_\xd4\xd7\x07\
\xcbx\xf1\xaf\x1c\x16\x00\x15$7\xf6\x0eef\x1fy\
\x9e\x02_v\x9d\x85\x88\xc8\x13*\x22_\xcc\x9c\xba\xf1\
<\xb9\xb1w\xc8u\x98$\xe1\x14\x80#\xfd\xcb\x16\xbe\
LD~\x04\xa0\xd1u\x16\x22\x227$\x0b\xd5\x7fk\
X\xd7\xf3s\xd7I\x92\x88\x05\x80C\xfd\xcb\x16\x1e#\
\x82\xff\x05\xe4X\xd7Y\x88\x88*\xec\xaf\x08\xf4\x95\x0d\
]\x1b\xff\xe0:HRq\x0a\xc0\xa1\xc6u\x1b\xff<\
2Z\xb3\x08\x82\xeb]g!\x22\xaa\x14\x01n\xca\x05\
\xe3\xad\xbc\xf8\xbb\xc5\x0e\x80\x07\x14\x90\x81\xf6\xd6\x0f\x0a\
\xf4\xb3\x00R\xae\xf3\x10\x11Y\xa2\x02|\xa1\xfe\xd4\x9e\
\x8f\xca*\x04\xae\xc3$\x1d\x0b\x00\x8f\xec>4\xe8g\
\x00\x0et\x9d\x85\x88(d\xdbD\xe5\x82\xcc\xba\xee[\
\x5c\x07\xa1]X\x00xf\xe8\x8c\x96#r9\x5c\xcf\
\xf3\x02\x88(6\x04\xbf\xcb\xa7\xe4\x95M\xb7v\xff\xc3\
u\x14z\x06\xd7\x00x\xa6\xee\xd6\x9e\x87\x1b\x82\xfaS\
E\xf5\xbb\xae\xb3\x10\x11\x95K\x81\xab3u\xc1\xc9\xbc\
\xf8\xfb\x87\x1d\x00\x8f\xedz\x98\x10\xae\x044\xe3:\x0b\
\x11Q\x91\x06\xa0x\x7f\xc3\xba\x9eo\xbb\x0eB\x13c\
\x01\xe0\xb9\xbe\xb6\xc5s\xd3&\x7f5\x80\x93]g!\
\x22*\x84\x00\xdd\xf9\x94y\xfd\xcc5\x1b\xfe\xea:\x0b\
M\x8eS\x00\x9e\x9b\xd5u\xf7\x03\x99\xa0\xbe\x0d\x90O\
\x03\xc8\xbb\xceCD4\x85\xbc\x00W\xd4\xef\x0c\x96\xf2\
\xe2\xef?v\x00\x22dg\xdb\xa2\xc5\xc6\x04W\x038\
\xdau\x16\x22\xa2gy\x08\xc0\x85\x0d\x9d=\xb7\xbb\x0e\
B\x85a\x07 Bfvm\xb8{\xac\xc6\x9c\xa8\xc0\
\xd5\xae\xb3\x10\x11\xedau~\xacf\x01/\xfe\xd1\xc2\
\x0e@D\x0d\xb4\xb7\xae\x04\xf4\xbf\x01\xccr\x9d\x85\x88\
\x12\xab\x1f\x8a\x0fp\xa1_4\xb1\x00\x88\xb0\xe1\xf6\x13\
\x8e\xcc!\xfdc\x00\xa7\xb8\xceBD\xc9\x22\x90\x0d\xf9\
 \xf7\xfa\x99]\xf7lq\x9d\x85J\xc3)\x80\x08\x9b\
\xd1\xb9\xe9\xc1LP\xdf\xae\xc0G\x00\x0c\xbb\xceCD\
\x890\xac\x90\x0f\xd7\x07uKy\xf1\x8f6v\x00b\
b\xc7\x8a\x96\xe7\xa4\xf2\xf8o\x08V\xb8\xceBD\xb1\
\xb5^\x83\xe0\x92\xc6\xae\xde?\xb9\x0eB\xe5c\x01\x10\
#\x0a\xc8\xe0\xb2\xd6\x0bU\xf4+\x00\xf6s\x9d\x87\x88\
bc\xa7\x08>U\x7fJ\xcf7\xf9\x10\x9f\xf8`\x01\
\x10C\xd9\xb6\x96\x83\xd5\xe0\x1b\x00V\xba\xceBD\xd1\
&\xc0M&0o\xab\xeb\xda\xf0\x88\xeb,\x14.\x16\
\x001\xd6\xdf\xder\xae\x00\xdf\x02p\xb8\xeb,D\x14\
9\x8fC\xf4]\x0d\x1d\x1b\xafs\x1d\x84\xec\xe0\x22\xc0\
\x18k\xec\xec\xb9q\xdc\x04/\x84\xe0\x1b\x00\xdbvD\
T\x10U\xc8\x8f\x83\xaa\xf4|^\xfc\xe3\x8d\x1d\x80\x84\
\x18X\xb1\xb0\x0d\x81|\x1b\xc0s]g!\x22o\xfd\
\x19\x8a\xb76\xac\xeb\xb9\xcdu\x10\xb2\x8f\x05@\x82h\
ss\xd5`\x93y\xbb*>\x03\xa0\xc1u\x1e\x22\xf2\
\x83\x00\x83\x0a\xf9R\xa6f\xfb\xe7\xe5\xe6-\xa3\xae\xf3\
Pe\xb0\x00H\xa0\xc1\xd3O84\x9f\xaf\xba\x5c\xa0\
\xaf\x07\xff\x0d\x10%Y\xa0\x90k\x8c\xc8\x072\x1d\x1b\
\x9ep\x1d\x86*\x8b_\xfe\x096\xb0\xac\xe54\x08\xbe\
\x09\xe0E\xae\xb3\x10Qe\xed:\xc9O\xfe}f\xd7\
\x86\xbb]g!7X\x00$\x9c\xb6\xb5\xa5\xb32\xf8\
&\x08.\x05p\x90\xeb<Dd\xdd#\xa2\xf2\xb1\xfa\
u\xdd?\x16@]\x87!wX\x00\x10\x00\xe0\xc9\xb6\
\xf9\x99\x19\xa6\xfe\xfd\x80~\x08@\xad\xeb<D\x14\xba\
!\x01\xbe9\x14\x0c]v`\xd7\xe6\xac\xeb0\xe4\x1e\
\x0b\x00\xda\xcb\xd0\x19-G\xe4r\xf2Y\xae\x0f \x8a\
\x0d\x05p]\x1a\xb9\x0f\xcc\xe8\xdc\xf4\xa0\xeb0\xe4\x0f\
~\xc1\xd3\x84\x06\x97\xb7\xb4\x04\x01>\xc7g\x0b\x10E\
\xda\x9dj\x82\x0f7\xae\xed\xbd\xc3u\x10\xf2\x0f\x0b\x00\
\x9aR\xff\x8a\xe6\xa5\x12\x98\xcf\x81\x8f\x1c&\x8a\x0c\x01\
\xba\xa1\xf8hf]O\x87\xeb,\xe4/\x16\x004-\
\x05$\xbb\xac\xe5\x15\x10\xbd\x0c\x90c]\xe7!\xa2I\
mV\x91\x8f7tt\xff\x92\x0b\xfch:<\x0a\x98\
\xa6%\x806\xac\xeb\xb9!s\xea\xc6\x17\x02\xf2j@\
\xff\xe8:\x13\x11\xed\xe5~Q\xb9(\xb3\xdf\xdc\xe3\x1b\
;\xba\x7f\xc1\x8b?\x15\x82\x1d\x00*\x9a\xae\x82\x19\xb8\
\xbd\xe5l\x11\x5c\x0a\xc5\x02\xd7y\x88\x12\xec~Q\xb9\
\xa2~\xff#\xaf\x91\xd5\xab\xf3\xae\xc3P\xb4\xb0\x00\xa0\
\x92\xe9*\x98\xc1\xdb\x17\x9e\xaf\x90\x8f\x01\x98\xef:\x0f\
Q\x82\xdc\x07\xc5e\x99\xd3z\xae\x93U|\xd0\x17\x95\
\x86\x05\x00\x95M\x01\x19ho9G\x80\x0f\x018\xd9\
u\x1e\xa2\x18\xbbS\x81+\x1a:{nb\x9b\x9f\xca\
\xc5\x02\x80B\xd5\xbf\xa2y\xa9\x09\xcc\x87\x148\x1b\xfc\
\xf7E\x14\x06\x15\xe0\xd7\x81\xea\xe5\x8d\xeb6\xde\xe9:\
\x0c\xc5\x07\xbf\xa0\xc9\x8a\xec\x8a\xe6\x17!0\xff\xa1\xc0\
\xeb\x00\xd4\xb8\xceC\x14A#\xa2z\x8dB\xbe\xda\xb0\
\xaeg\xb3\xeb0\x14?,\x00\xc8\xaa\x813N:P\
s\xb9\x8b\x05\xfa.\x00\x87\xb9\xceC\x14\x01O\x0a\xf0\
}I\xe5\xbeQ\xbff\xd3?]\x87\xa1\xf8b\x01@\
\x15\xa1g\xcd\xab\x19\x18\x9d\xf5:\x11\xbc\x9b;\x07\x88\
& \xf8\x9d*\xbe\xdeP\xd3\xf7S\xb9y\xcb\xa8\xeb\
8\x14\x7f,\x00\xa8\xe2\x06\x97-j\x0eLp\x09\x14\
\xaf\x07P\xe7:\x0f\x91C\xa3\x00~%\x06\xdf\xce\xac\
\xedY\xeb:\x0c%\x0b\x0b\x00r\xa6\xafmASZ\
\xaa^\x0d\xc1{\x00\xbc\xc0u\x1e\xa2\xca\x91-\x0a|\
\x07A\xfe\xbb\x8d]\xbdO\xb9NC\xc9\xc4\x02\x80\x9c\
\xd3U0\x83\xeb\x17.W\xc5\xc5\x80\xbc\x02|\x1c1\
\xc5\xd30\x147\x08\xf0\xfd\xfau=\x9d\xdc\xc6G\xae\
\xb1\x00 \xafl_\xd1<\xb3*o\xce\x87\xe0\x0d\xe0\
\x99\x02\x14\x0f\xbd\x22\xf8q\x00\xb9\xba\xb1\xa3{\x9b\xeb\
0DOc\x01@\xde\x1ah[\xf8B5r\x91\x00\
\xaf\x01p\xb8\xeb<D\x05S<,F~\xa6\x81\xfe\
\x90[\xf8\xc8W,\x00\xc8{\xba\x0af\xe0\x8e\xe6\x93\
D\xcdJ(^\x0b\xe0\x00\xd7\x99\x88&\xb0C!7\
\x02\xba\xbaa\xbf\xb9\xbf\xf9\xff\xed\xdc\xdfk\xdbe\x18\
\x86\xf1\xeb~\x13\xb7uil:\xd6V\x87\x9b\x229\
Z\x919b\xdd\x06\x11\x22]\xc7\xc4\x0a;\xf3o\x14\
O\x06V\x991\x93\xc2\xea\xd62\xc2D\xed\x10l\x91\
\x11D\xd7\x82M\xdb\xa5\xa9]\xf3>\x1eL\xd9\xc4\x03\
]\x7f\xecm\x93\xe7\xf3\x17\x5c\xe4\xe8\xfe\xc2\x9b\xc7o\
\xf3\xbb\x83\xce\x07\x80;T\xec\x83\xe2\xd1\xf5\xcd\xc2U\
\x89\x8fA\x93@>u\x93\xebik\xc0\x94\x99}\x92\
?\xd9\xbe\xa1O\xe7\xb7R\x079\xf7\x7f\xf9\x00p\x87\
\xd6_\xb7\x05\xaeHLb\x5c\x03\x86S7\xb9\x9e\xb0\
bhJ\xf0Y+\xbb\xf9\xc5+\xd5\xefZ\xa9\x83\x9c\
\xdb\x09\x1f\x00\xae+X\xa9\xf4R\xab\x10\xc6-\xea\x1a\
\xb2\x0f\xf17\x03n/\x19\x0dd\x9f\xcb\xc2\xf5\xdcZ\
\xe7k\xd5\xeb\x8fS'9\xb7[>\x00\x5cWZ\x7f\
\x7fl\xd4\xa4Ia\x1f\x01\x97\x80\x90\xba\xc9\x1d*\x11\
\xb8'\xa8\xc5\x10\xa7\xf2\xb5\xfa7\xfe\xb7=\xd7m|\
\x00\xb8\xae\xf7h\xfc\xc2\x08\xd8U\x8b6\x81\xb8\x0c\x8c\
\xa4nr\x07\xd2o\x06\xb5\x80U-{\xe4\xcb|\xf5\
\xf6R\xea \xe7\xf6\x93\x0f\x00\xd7S\x0c\xd4\xaa\x8c\x9d\
\x8b\xb2\x09I\x13@\x19\xe8K\xdd\xe5\x92h\x83\xdd\x12\
\xfa\x0a\x85j\xee\xe6\xdc\xf7\xfe\x95\xefz\x89\x0f\x00\xd7\
\xd3\xacR\xc9n\xa8}\xae#\xbb\x1c\xb0\xb2=\x19\x04\
\x85\xd4]n\xef\x09Z\x06\xdf\x0af\x08\xd4r\xdb\xb9\
\x19MOo\xa6\xeer.\x15\x1f\x00\xce=\xc3*\x95\
\xec\x1a\xedw2!\x96\xed\xc9\xdb\x81\x8b\xc0\xa9\xd4]\
nG~A\xcc\x0a\xeetb\x9cy\xd9\xf2uMO\
o\xa7\x8er\xee\xa0\xf0\x01\xe0\xdc\x7f\xd8\xb82v\xba\
\xf3\x98K&]\x14\xf6\xae\xe0m\x83\x5c\xea.\xf7\xd4\
\xdf_\xf7f6'\x85\xd9L\xd6f\x8fW\xef6R\
w9w\x90\xf9\x00pn\x07Z\x13\xe7Ou:\xd9\
\x92PIX\xc9`\x0c\x7f\x5c\xf8\xa2\xac\x02? \xea\
\x8a\xaa\x1bV\xef?\xf9\xc6\x8f~y\xcf\xb9\xe7\xe3\x03\
\xc0\xb9=\xd2,\x97\x07\xc3\xb1\xf6\xa8:\xe1,\x81Q\
\x22g\x11o\xe1\xc3`\xa7V\x81\x05C\xf7\x81y\xb0\
\xfb10?P\xbb\xfb\xb3?\xd6sn\xf7|\x008\
\xb7\xcf\x1e\x8d_\x18\x89\xb1S\x0c!\x14\xcd\xac\x08\x14\
M\x14e\xbc\x09\x9cH\xdd\x97\xd8\xef\x06\x8b\xc2\x16\x90\
\x16\x84\x16\xa3\xd9OAa\xb1\xff\xe6\xdc\xc3\xd4q\xce\
u3\x1f\x00\xce%\xb4T\x19\xed\xef\xcb\xf4\x9f\x11\xf1\
L4\xbd&\xb3\xd3\x06\xaf\x03#\x12\xaf\x22\x861\x86\
\x80l\xea\xd6\xe7\xb4\x0d,\x01\xcbf\xfc\x0a<\x14<\
0\xa9\x11\x8c\x86\x055Z\x99\xf6\x03?\xa3\xeb\x5c:\
>\x00\x9c;\x04\xd6\xdf;?D6;L\xc6\x86,\
\x86A\xb0B\x90\x06\x0d+`V04(\xd1Gd\
\x00q\x04\xc8\x81\x1d\x07\x1d\x05\x06\xf8\xe7%\xc4c\xfc\
\xfb\xf6A\x1bx\xf6/q\x1d`\x0d\xec\x0f\xd0\x06\xd0\
\xc2\xd8\x22\xb0j\xa6\x0d\x11\x9bHME[\x89R\x13\
\xd4T\x88+Xf\x89\xad\xad\xe5\xfc\xad{\xcb\xfb\xf9\
{8\xe7v\xefO\x99\x804\x80\xbf\x80T\xc2\x00\x00\
\x00\x00IEND\xaeB`\x82\
\x00\x00\x071\
\xff\
\xd8\xff\xe0\x00\x10JFIF\x00\x01\x01\x01\x00`\x00\
`\x00\x00\xff\xdb\x00C\x00\x08\x06\x06\x07\x06\x05\x08\x07\
\x07\x07\x09\x09\x08\x0a\x0c\x14\x0d\x0c\x0b\x0b\x0c\x19\x12\x13\
\x0f\x14\x1d\x1a\x1f\x1e\x1d\x1a\x1c\x1c $.' \x22\
,#\x1c\x1c(7),01444\x1f'9\
=82<.342\xff\xdb\x00C\x01\x09\x09\x09\
\x0c\x0b\x0c\x18\x0d\x0d\x182!\x1c!22222\
2222222222222222\
2222222222222222\
2222222222222\xff\xc0\x00\
\x11\x08\x00d\x00m\x03\x01\x22\x00\x02\x11\x01\x03\x11\x01\
\xff\xc4\x00\x1b\x00\x01\x01\x01\x01\x01\x01\x01\x01\x00\x00\x00\
\x00\x00\x00\x00\x00\x00\x07\x06\x08\x05\x03\x04\x02\xff\xc4\x00\
>\x10\x00\x01\x03\x02\x03\x04\x04\x0b\x07\x03\x05\x00\x00\x00\
\x00\x00\x01\x00\x02\x03\x04\x06\x05\x07\x11\x12!1QA\
a\x81\x94\x13\x14\x15\x17\x182BVq\xd2\xd3\x08\x16\
#R\x82\x91\xa1\x22\xb1\xc1F\xb2\xc2\xd1\xf0\xff\xc4\x00\
\x15\x01\x01\x01\x00\x00\x00\x00\x00\x00\x00\x00\x00\x00\x00\x00\
\x00\x00\x00\x01\xff\xc4\x00\x14\x11\x01\x00\x00\x00\x00\x00\x00\
\x00\x00\x00\x00\x00\x00\x00\x00\x00\x00\xff\xda\x00\x0c\x03\x01\
\x00\x02\x11\x03\x11\x00?\x00\xbd\x22\x22\xa8\x22\x22\x02\x22\
\x13\xa2\x02(\xdd\xe1\x9f4x\x163.\x1b\x84\xe1\xe3\
\x1008\xb2Y\xdf.\xcb6\x87\x10\xdd\x01\xd7Nk\
Y\x97\xb9\x95\x87_\xb4\xd2\xb6(\x8d-|\x00\x19i\
\x9c\xed\xaf\xe9\xfc\xcd=#\xfb \xdc\x22\x22\x02\x22 \
\x22\x22\x02\x22 \x22\x22\x02\xc0f\xd5\xe8-\x1bBF\
\xd3\xc8\x1b\x88\xd7k\x0d6\x87{\x7f3\xfb\x07\xf2B\
\xdd\xcd4t\xf0\xbei\x9e\xd6G\x1bK\x9e\xe7\x1d\x00\
\x03y+\x90/\xeb\x9a\xaa\xff\x00\xbe^\xfaP\xf9 \
\xdb\x14\xd40\x8e%\xba\xe87sq:\xf6\xa0\xfd\x19\
g\x97\xf2\xdf\xb8\xadX\x9eG\xc5EO\x112L\x07\
\x19\x1c\x0e\xc0\xfd\xf7\x9e\xa1\xd6\xbc\xec\x17\x11\xc4\xf2\xda\
\xff\x00l\x921\xcd\x9e\x86s\x15DZ\xe8$f\xba\
8|\x08\xde;\x0a\xeaK\x06\xd3\x86\xcd\xb4\xe9p\xd6\
\x86\x9a\x82<%L\x83\xdb\x90\xf1\xec\x1c\x07\xc1L\xb3\
\xf6\xca\xf0\xd4\xd1\xdd\x941j\xf8\x80\x8a\xb44qo\
\x06\xbf\xb3\x87\xed\xc9\x05\xaf\x0d\xc4)\xb1\x5c6\x9e\xbe\
\x92A%=DbH\xdc:A\x1a\xaf\xd4\xa0\xb9\x03\
z\xea\xd9\xad:\xe9w\x8df\xa2.=\x1e\xd3?\xe4\
;U\xe9\x01\x11\x10\x11\x11\x01\x11\x10\x11\x17\xe0\xc6\xb1\
zL\x07\x05\xab\xc5+_\xb1OM\x11\x91\xe7\x9e\x9d\
\x03\xac\xf0\x08%\x99\xefz\xf9'\x04\x8e\xdd\xa2\x97J\
\xba\xf6\xedT\x10w\xb2\x1e_\xa8\xee\xf8\x02\xb2\x99\x09\
d\x8a\xdcNK\x9e\xb6=`\xa5&:@\xe1\xb9\xd2\
i\xbd\xdf\xa4\x7f'\xa9O\xa4~+\x99w\xfe\xa0\x17\
Ub\x13\xe8\x07DL\xff\x00\xa6\xb7\xfb.\xbd\xc0p\
j[{\x03\xa3\xc2\xa8\xdb\xb3\x054a\x8d\xe6\xe3\xd2\
\xe3\xd6N\xa7\xb5\x15\x89\xbf\xb3s\x0f\xb1\xb1(\xf0\xd1\
C%}a`\x92F6@\xc1\x1bO\x0dN\x87y\
\xe5\xa2\xf7\xed\xdc\x7f\x09\xcckA\xf5\x11\xc4M5C\
]\x05E<\x9cXt\xde\xd3\xd8F\xfe\xb5\x05\xfb@\
a\xe6\x970c\xaa\x03\xfaj\xa8\xd8\xedz\xda\x5c\xd3\
\xfc\x00\xaaY\x0bA\xe2\xb9k\x1c\xe4hj\xead\x97\
\xb0\x10\xc1\xfe\xd4\x10K\x8b\x09\xc4r\xe2\xfet0\xc8\
\xe6KI0\x9a\x96o\xce\xcdui\xff\x00\x07\xb5u\
\x85\xa5q\xd3]\x96\xd5\x1e/M\xa0\x133\xf1\x19\xaf\
\xa8\xf1\xeb7\xb0\xacNu\xd9_x\xed\x8f*RG\
\xb5\x88a\xad/\x00\x0d\xf2E\xed7\xb3\x88\xed\xe6\xa6\
Y\x1dz\xf9\x06\xe38\x15d\xbb48\x8b\x80a'\
ts{'\xb7\x87\xc7DGO\x22\x22\x02\x22 \x22\
\x22\x07B\xe7\x8c\xfc\xbd|f\xb6;R\x8a_\xc3\x80\
\x89+\x0bO\xac\xfd5k;\x01\xd4\xf5\x91\xc9X\xef\
\x9b\xaa\x0b:\xd4\xab\xc5e \xca\xd1\xe0\xe9\xe3'\xd7\
\x90\xfa\xa3\xfc\x9e\xa0W.\xd96\xedfa_l\x8a\
\xa5\xef\x91\x92Jj+\xa6<C5\xd5\xdd\xa4\xee\x1f\
\x14\x15\xec\x85\xb2\xbc\x9d\x84\xc9sV\xc5\xa5Mcv\
)v\x86\xf6E\xae\xf7~\xa3\xfc\x0e\xb5h_:x\
\x22\xa5\xa7\x8e\x9e\x0668\xa2hc\x18\xd1\xa0h\x1b\
\x80_D\x10\xaf\xb4^\x115E>\x07\x89C\x0b\xde\
#t\x90H\xe6\xb4\x9d6\xb6Ku\xfd\x9c\xaa\x19}\
\x86?\x07\xcb\xfc\x0e\x8aX\xccr\xb2\x91\x8e\x91\x8e\x1a\
\x16\xb9\xc3i\xc0\xf5\xeaJ\xf1o\xac\xd4\xc1,\x9a\xd8\
\xa8*\xa9\xe5\xac\xac{D\x8e\x8a\x22\x06\xc3O\x02I\
\xe9:pZKV\xe8\xc3\xae\xfc\x0e,W\x0cs\x8c\
/%\xaec\xc6\x8ec\x87\x16\x9f\xfd\xd2\x83\xdasC\
\x9aA\x1a\x824\xd1rFk\xd9\xd2Y\x97\x93\xe4\xa4\
k\xa3\xc3\xea\xdcg\xa5sw\x06\x1dw\xb4\x1e\xa3\xc3\
\xa8\x85\xd7\x0b\x1f\x996|w\x9d\xa3QD\xc6\xb7\xc7\
b\xfcjW\x91\xc2A\xd1\xf0#woR\x0f\x86W\
^M\xbc\xad\x18g\x95\xe0\xe2\x14\xbaCT\xde\x92\xe0\
7;NDo\xf8\xea\xb6\xeb\x90r\xd2\xed\x9a\xc5\xbd\
\x1aj\xcb\x99G1\xf1z\xc6\x1fdk\xebi\xcd\xa7\
\xfc\xae\xbcc\xdb#\x03\xd8\xe0\xe6\xb8j\x08:\x82\x10\
\x7fH\x88\x80\x9d\x08\xbc\xbb\x94\xd5\x8b[\x16\xf1\x0d|\
s\xc4\xe5\xf0\x1b<v\xf6\x0e\xce\x9d\xba \xe6\x9c\xe7\
\xbd>\xf4]~N\xa3\x97o\x0e\xc3\x89\x89\x9b't\
\x92{N\xeb\xe4>\x1dj\xcb\x93\xd6_\xdd;I\x93\
\xd5E\xb3\x89W\x814\xda\x8d\xeco\xb2\xce\xc1\xbc\xf5\
\x93\xc9s\x15\xbf\x89Ra\x17\x05.#\x88\xd0\xba\xba\
*y<!\xa7\xf0\x9b\x1bn\x1c5:\x1d\xda\xe9\xd0\
\xac\xe3\xed'\x18\xff\x00K;\xbf\x0f\xa6\xa2\xafh\xa0\
\x9e\x92\x8c\xf7Y\xdd\xf8}4\xf4\x94g\xba\xce\xef\xc3\
\xe9\xaa=\x5c\xd3\xca\x1cF\xed\xb8\x1b\x8d`\xd5\x10\x09\
\xa4cc\x9a)\xdc[\xea\xee\x0e\x07C\xd1\xd1\xd4\xb6\
\xd9me\xba\xc7\xb5\x9b\x86\xcb;f\xa9\x92C4\xef\
f\xbb;D\x01\xa3u\xe8\x00\x054\xf4\x94g\xba\xce\
\xef\xc3\xe9\xa7\xa4\xa3=\xd6w~\x1fM\x05\xed4P\
OIF{\xac\xee\xfc>\x9azJ3\xddgw\xe1\
\xf4\xd0x\x99\xefey'\x1be\xc5E\x0e\x94u\xee\
\xd2p\xd1\xb9\x93s\xfdC\x7f\xc4\x15\xbd\xc8\xdb\xd7\xcb\
\xb6\xe9\xc0\xeb%\xd6\xbb\x0dh\x0c.;\xe4\x87\x80=\
\x9c?e\x88\xb8\xf3\xd2\x82\xe8\xb7\xea\xf0\x8a\xdbU\xde\
\x0a\xa1\x9a\x07\x0a\xd0K\x1d\xd0\xe1\xf8|AYl\x97\
\xf1\xd1\x9a8_\x8aml\xfe'\x87\xd3\x87\x83\xd8:\
\xeb\xd5\xae\x9d\xba \xeb\x94@\x88\x82\x11\xa8\xd1\x11\x06\
\x03\x1c\xc9\xbb?\x1e\xc4$\xae\x9a\x92jy\xe4:\xc9\
\xe2\xd2\xec5\xc7\x9e\x9a\x11\xaf\xc1y~`l\xcex\
\x8fx\x1f*\xa9\xa2\x09g\x98\x1b3\x9e#\xde\x07\xca\
\x9e`l\xcex\x8fx\x1f*\xa9\xa2\x09g\x98\x1b3\
\x9e#\xde\x07\xca\x9e`l\xcex\x8fx\x1f*\xa9\xa2\
\x09g\x98\x1b3\x9e#\xde\x07\xca\x9e`l\xcex\x8f\
x\x1f*\xa9\xa2\x09g\x98\x0b3\x9e#\xde\x07\xca\xb5\
\xf6\xad\x8b\x80Y\xb1H\xdc\x1e\x93bI\x06\x92O#\
\xb6\xa4p\xe4O.\xa0\xb4\x88\x80\x88\x88\x08\x88\x80\x88\
\x88\x08\x88\x80\x88\x88\x08\x88\x80\x88\x88\x08\x88\x83\xff\xd9\
\
\x00\x00\x1d\xe0\
\x89\
PNG\x0d\x0a\x1a\x0a\x00\x00\x00\x0dIHDR\x00\
\x00\x02\x00\x00\x00\x02\x00\x08\x06\x00\x00\x00\xf4x\xd4\xfa\
\x00\x00\x00\x04sBIT\x08\x08\x08\x08|\x08d\x88\
\x00\x00\x00\x09pHYs\x00\x00\x0e\xc4\x00\x00\x0e\xc4\
\x01\x95+\x0e\x1b\x00\x00\x00\x19tEXtSof\
tware\x00www.inksca\
pe.org\x9b\xee<\x1a\x00\x00\x1d]ID\
ATx\x9c\xed\xddy\xd4nW]\xd8\xf1\xef\xcd\xcd\
\x00\x08!\x09\x01q\xa8\x86!De\xac\xb4\xb5\x0a\xc8\
L\xb1\x82\xb6Z\xbb\xba:i[@+\xd8\xda\xd5v\
\xd1\xb9\xd4NZ\xb1\x0a\x8e\x80\x13 \x15A\xd4\x0a\x96\
\x80\xa0\x82#\x22\x05Q\xe6\x90AQ\x86\x90`\xa2\x0c\
\x99\xee\xed\x1f\xe7^\xb8\xa4\xf7\xe6\xbe\xef\xfb<\xe7\xdd\
\xcf\xfb\x9c\xcfg\xad\xdf\xba\x90\xc5\xe2\xfc\xf6^O\xce\
\xfe\xdds~g\xef\x02\x00\x00\x00\x00\x00\x00\x00\x00\x00\
\x00\x00\x00\x00\x00\x00\x00\x00\x00\x00\x00\x00\x00\x00\x00\x00\
\x00\x00\x00\x00\x00\x00\x00\x00\x00\x00\x00\x00\x00\x00\x00\x00\
\x00\x00\x00\x00\x00\x00\x00\x00\x00\x00\x00\x00\x00\x00\x00\x00\
\x00\x00\x00\x00\x00\x00\x00\x00\x00\x00\x00\x00\x00\x00\x00\x00\
\x00\x00\x00\x00\x00\x00\x00\x00\x00\x00\x00\x00\x00\x00\x00\x00\
\x00\x00\x00\x00\x00\x00\x00\x00\x00\x00\x00\x00\x00\x00\x00\x00\
\x00\x00\x00\x00\x00\x00\x00\x00\x00\x00\x00\x80\x03\xe1sF\
'\x00\xc0\xbc\x0e\x8fN\x80\x8d\xf3\xb8\xea\x97\xab\x1b\xab\
\xdf\x1a\x9c\x0b\x00\xb0\x0f\x9eR\xddT\x1d\xadn\xa9\x9e\
06\x1d\x00`NgV\xdf\xdb\xb4\xf0\x9f\x18\xd7W\
\xf7\x1b\x98\x17\x000\x93\x0b\xaa\xd7\xf6\xff/\xfe\xc7\xe3\
\xf2\xea\xae\xc3\xb2\x03\x00\xd6\xee\xe2\xea\x9d\x9dz\xf1?\
\x1e\xaf\xaf\xce\x1e\x94#\x00\xb0F\x8f\xab>\xd2\xe9\x17\
\xff\xe3\xf1#c\xd2\x04\x00\xd6\xe5)M]\xfe;]\
\xfc\x8f\xc7\xb7\x8cH\x16\x00X\xcd\xa9\x9a\xfdv\x1a7\
W_\xb9\xefY\x03\x00{v\xbaf\xbf\x9d\xc6u\xd5\
}\xf79w\x00`\x0f.\xae\xde\xd1\xea\x8b\xff\xf1x\
ou\xe1\xbe\x8e\x00\x00\xd8\x95\xc7\xb6\xbbf\xbf\x9d\xc6\
\xeb\xf2e\x00\x00l\xa4\xbd6\xfb\xed4\xbe\x7f\xff\x86\
\x02\x00\x9c\xce\x99\xd5\xb3\x9bo\xe1?1\xbey\x9f\xc6\
\x04\x00\xdc\x86\x0b\xaa\xd7\xb4?\x8b\xff\xd1\xa6\xb3\x03\x1e\
\xbd/#\x03\x00N\xea\xde\xad\xb7\xd9o\xa7qmu\
\x9f}\x18\x1f\x00p+s5\xfb\xed4\xdeY\x9d7\
\xfb(\x01\x80O\x9a\xbb\xd9o\xa7\xf1\xea\xa6\xfe\x03\x00\
`F\xfb\xd9\xec\xb7\xd3x\xd6\xac#\x06\x80\x85;\xbf\
\xfdm\xf6\xdbM|\xd3\x8c\xe3\x06\x80\xc5\x1a\xd5\xec\xb7\
\xd3\xb8\xb1z\xd4l\xa3\x07\x80\x05zlS\xd7\xfd\xe8\
E\xfetqMS\xa1\x02\x00\xachS\x9a\xfdv\x1a\
\xef\xc8\x97\x01\x00\xb0gg65\xd7\x8d^\xd0\xf7\x12\
\x97\xe6\xcb\x00\x00\xd8\xb5Mn\xf6\xdbi|\xd7\xdag\
\x05\x00\xb6\xd8%\xd5\xbb\x1b\xbf\x80\xaf\x1a\x97Uw^\
\xf3\xdc\x00\xc0V:(\xcd~\xa7\x8b_\xad\xee\xba\xe6\
\xb9\x01\x80\xadt\xd0\x9a\xfdN\x15\xcf\xab\xce^\xf3\xdc\
\x00\xc0\xd69\xc8\xcd~'\xc6\xcd\xd5\xd3\xd7<7\x00\
\xb0\x95\xb6\xa1\xd9\xefhu}\xf5\x845\xcf\x0d\x00l\
\xa5M\xdf\xd9o\xa7qY\xf5Ek\x9e\x1b\x00\xd8J\
\x8fI\xb3\x1f\x00,\xca\xb64\xfb=\xb7:k\xcds\
\x03\x00[\xe7p\x9a\xfd\x00`Q\xce\xad^\xd1\xf8\xc5\
{\xd5\xd0\xec\x07\x00;t\xef\xea\xed\x8d_\xbcW\x8d\
\xcb\xaa/\x5c\xf3\xdc\x00\xc0VzXuu\xe3\x17\xef\
U\xe3\xf5i\xf6\x03\x80\x1d\xd9\x96f\xbf\xe7\xa4\xd9\x0f\
\x00N\xebp\xf5\xed\x8d_\xb8W\x0d\xcd~\x00\xb0C\
\xdb\xd2\xecw]\xf5\x95k\x9e\x1b\x00\xd8J\xdb\xd2\xec\
\xf7\x9e4\xfb\x01\xc0\x8e<\xac\xfaP\xe3\x17\xefUC\
\xb3\x1f\x00\xec\x90f?\x00X\x10\xcd~\x00\xb00w\
j;\x9a\xfd\xaem:\x98\x08\x008\x8d{\xa5\xd9\x0f\
\x00\x16e[\x9a\xfd~\xb1:\x7f\xcds\x03\x00[\xe9\
\xc9i\xf6\x03\x80\xc5\xd8\x96f\xbf\x9b\xaa\x7f\xb2\xe6\xb9\
\x01\x80\xadt\xa7\xea\xe5\x8d_\xbcW\x8dk\xabG\xaf\
yn\x00`+mS\xb3\xdf\x17\xacyn\x00`+\
=\xb4\xedh\xf6{u\x9a\xfd\x00`G4\xfb\x01\xc0\
\x82lS\xb3\xdf\xb7\xacyn\x00`+mK\xb3\xdf\
5i\xf6\x03\x80\x1d\xb9W\xf5\xb6\xc6/\xde\xab\xc6\xbb\
\xd3\xec\x07\x00;\xb2M\xcd~\xe7\xadyn\x00`+\
=)\xcd~\x00\xb0\x18\xdb\xd4\xec\xf7\xb45\xcf\x0d\x00\
l\xa5mj\xf6{\xd4\x9a\xe7\x06\x00\xb6\xd265\xfb\
]\xb2\xe6\xb9\x01\x80\xad\xb4-\xcd~\xafJ\xb3\x1f\x00\
\xec\xc865\xfb\x9d\xb9\xe6\xb9\x01\x80\xad\xa3\xd9\x0f\x00\
\x16F\xb3\x1f\x00,\x8cf?\x00X\x18\xcd~\x00\xb0\
0O\xaanh\xfc\xe2\xbdjh\xf6\x03\x80\x1d\xd8\xa6\
f\xbf\xa7\xaeyn\x00`+\xdd\xa9\xfa\xf9\xc6/\xde\
\xab\xc65\xd5#\xd7<7\x00\xb0\x95\xee\xd9v4\xfb\
\xbd+\xcd~\x00\xb0#\x0f\xa9>\xd8\xf8\xc5{\xd5\xb8\
4\xcd~\x00\xb0#\x9a\xfd\x00`A4\xfb\x01\xc0\xc2\
lK\xb3\xdf\x87\xd3\xec\x07\x00;\xb2M\xcd~\xf7Y\
\xf3\xdc\x00\xc0V\xda\xa6f\xbf;\xafyn\x00`W\
\x0e\x8dN`\x87\x9eT}\x7fu\xf6\xe8D\x80\xad\xf3\
\xd1\xa6c\xc2\xab\xfe\xa4\xa9P\xbf\xb9\xfa\xd3c\xff\xfc\
\x9a\xa6Wv\xd7\x1c\x8b\xabO\xf8\xcf\x1f\xae\xae\xa8>\
\xbe\xbf)\xc3\xea6\xbd\x008\x5c}g\xf5\xcfF'\
\x02p\x1b>P]y,\xae8\xe1?\xbf\xf7\xd8\x7f\
?2&-8\xb5M.\x00\xeeT\xbd\xa8z\xe2\xe8\
D\x00VpcuY\xf5\xa6\xa6\x1e\xa6\xb7Woh\
:\xac\x0c\x86\xd9\xd4\x02\xe0\x9e\xd5\xcb\xab/\x1a\x9d\x08\
\xc0L\xfe\xb0zs\xf5\xeb\xd5oT\xbfS}bh\
F,\xca&\x16\x00\x0f\xa9~\xa6\xba\xdb\xe8D\x00\xf6\
\xd1\xcd\xd5\xef6\x15\x04\xbfV\xbd.O\x09\x98\xd1\xa6\
\x15\x00\xff\xa8\xfa\x814\xfb\x01T]^\xbd\xa2\xe9\x89\
\xe8\xaf6\xed|\x0ak\xb1)\x05\xc0\xe1\xea\xbfVO\
\x1f\x9d\x08\xc0\x86\xfaX\xd3\xab\x82WT?W]5\
6\x1d\x0e\xbaM(\x00\xce\xad~\xb2\xfa\xab\xa3\x13\x01\
8@~\xbf\xfa\xe9\xea%\xd5;\x06\xe7\xc2\x014\xba\
\x00\xb8g\xd3\xb6\xbe\xf7\x1d\x9c\x07\xc0A\xf6\xf6\xea\xa5\
\xd5\x8b\xabw\x0e\xce\x85\x03bd\x01\xf0\xe5\xd5\xcb\xaa\
\x0b\x07\xe6\x00\xb0m\xde\xdc\xf4T\xe0EM_\x1a\xc0\
I\x8d*\x00\xfea\xf5\x83i\xf6\x03\x98\xcb\x91\xea\x97\
\xaa\xe76\xf5\x0c\xdc46\x1d6\xcd~\x17\x00\x9a\xfd\
\x00\xf6\xdf\x07\xaa\xe7W\xcfk\xda\x9d\x10\xf6\xb5\x00\xd0\
\xec\x070\xd6\xd1\xa6\xa7\x02?T\xfdlu\xcb\xd8t\
\x18i\xbf\x0a\x80{4}\xc7\xaa\xd9\x0f`3\x5cQ\
=\xa7\xa9\x18\xb8np.\x0c\xb0\x1f\x05\xc0\x975U\
\x9av\xf6\x03\xd8<\xd7W?\xdet\xf0\xda\xfb\xc6\xa6\
\xc2~:<\xf3\xff\xff?l\xfa4\xe5\xdc\x99\xaf\x03\
\xc0\xde\x9cS}I\xf5\xd4\xa6O\xb3\xdf\xd3t\xe41\
[\xee\x8c\xd1\x09\x00\xb0\x11\xce\xa9\xfeA\xf5{M\x9f\
\x11^26\x1d\xe6\xe6\x15\x00\x00's\xa4i\xaf\x96\
\x7f\xd3t\x9c1[F\x13 \x00\xb7\xe5\xa6\xa6\x1d\x06\
\x9f\xd1t8\x11[b\xee\x1e\x80\xe3\xfe\xa4\xfa\x89\xea\
\x81\xd5\xc5\xfbtM\x00Vw\xb8\xe9\xde\xfdM\xd5\xf9\
\xd5oW\x9f\x18\x9a\x11k\xb1_\x05@M\xc7X\xfe\
T\xd3{\xa6\x87\xee\xe3u\x01X\xdd\x99\xd5\x97VO\
i\xba\x9f\xbf\xa9\xe95\x01\x07\xd4~\x16\x005mB\
\xf1\x9a\xa6\xfd\xa9\xbfb\xc0\xf5\x01X\xcd\xed\xab\xc7W\
\x7f\xb3iWA\xfd\x01\x07\xd4\xc8\xc3\x80\x1eR\xfdL\
\x9a\x03\x01\x0e\xb2WT\xdf\x9a-\x86\x0f\x9c\x91\x7f\x03\
\xff\xc3\xa6\x02\xe01)\x02\x00\x0e\xaa\xfbT\xdf\xd8\xb4\
\x9e\xfcf\xb6\x17>0F>\x018\xee\x8eM\xc7V\
~\xd5\xe8D\x00X\xc9{\x9az\x04~ep\x1e\xec\
\xc0&\xbc\x83\xbf\xb1i\xb7@\xcd\x81\x00\x07\xdb]\xaa\
\xaf\xaf>\xbbz]\xd3\xfd\x9d\x0d\xb5\x09\x05@}\xaa\
9\xf0}M\xcd%\x9b\x92\x17\x00\xbbs\xa8zpS\
!pE\xf5\xce\xb1\xe9p*\x9b\xf0\x0a\xe0\xd6\x1e^\
\xfdtu\xe1\xe8D\x00X\xd9OTO\xcb\x89\x83\x1b\
g\x13\x0b\x80\x9a\x0e\xa4\xf8\xf9\xec\x1c\x08\xb0\x0d\xfe\xa0\
\xfa{\xd5\xebG'\xc2\xa7l\xeaa@\x977m8\
\xf1\xf2\xd1\x89\x00\xb0\xb2\xcf\xab~\xb9zVu\xf6\xe0\
\x5c8f\x93\xdf\xb5\xdf\xd8t\x22\x95\xe6@\x80\x83\xef\
P\xd3\xb1\xc3\x8fo\xfaJ\xe0\xda\xa1\xd9\xb0\xd1\x05@\
}\xaa9\xf0\x8f\xd2\x1c\x08\xb0\x0d>\xa7\xe9\xd8\xe1\xf7\
Wo\x19\x9c\xcb\xa2mj\x0f\xc0\xc9<\xbc\xe9h\xca\
\xbb\x8cNdE\xbfP\xfd\xed\xea\xfa\xd1\x89\x00U}\
F\x9fz,}\xfe\xb1?\xcfi\xba\xd7\x9c\x18\x17\x1e\
\x8b\xbbW\x175\x9drz\xfb\xfdLt\x0b\xfdHS\
\x83\xa0\xc3\x85\x068H\x05@\xd5\xbd\x9a\x9a\x03\xbfh\
t\x22+z[\xd3\xc6G\x8e\xd6\x84\x83\xed3\x9b\x0a\
\x81\x8b\x8e\xfdy\xffcqIu\xd6\xb8\xb4\x0e\x94\xdf\
\xa9\xbe\xb6\xa9Q\x10n\xd3\x9d\xab\xff\xd3\xf4z\xe0 \
\xc7\xd5\xd5\x97\xafyn\x80\xcdpv\xf5\xa0\xa6\xce\xf7\
\xefl\xea~\xffx\xe3\xef;\x9b\x1aW7m\x0b\x0f\
\xa7u\xb8\xfa\xf6\xc6\xffhW\x8d\x9b\xaa\xa7\xaeyn\
\x80\xcdtf\xd3\x069\xff\xb4zAuU\xe3\xefA\
\x9b\x147W\xcfhs\xbfNc\xc3<\xb9\xe9k\x81\
\xd1?\xdcU\xe3\xbb\xd2\xe0\x08Kt\xbf\xea_45\
;\xdf\xd0\xf8{\xd1&\xc4\xcb\x9a\xfa2\xe0\xb4\x1eQ\
}\xb8\xf1?\xdaU\xe3\x17\xaas\xd7;5\xc0\x01r\
\xc7\xea\xab\xab\x1fl\xda\x16}\xf4=id\xbc\xb1\xa9\
\xd9\x12N\xeb\x9eM\x8du\xa3\x7f\xb4\xab\xc6\xbb\x9a\x9a\
\x87\x80e;\xa3i\xff\x93g5}\x06=\xfa\xde4\
\x22\xde\xd7\xd4G\x01\xa7u\xe7\xea\x95\x8d\xff\xd1\xae\x1a\
W7}\xf2\x08PS1\xf0\x88\xea\x07\xda\x8e\xa7\x9d\
\xbb\x89\x8fT\x8f^y\x06Y\x04\xcd\x81\xc06;\xa7\
\xfa\xba\xea\x17\xab#\x8d\xbfW\xed\xd7\xfd\xf0\x1b\xd71\
y,\xc3S\xda\x8e\xe6\xc0\xefNs pr\xf7n\
\xfa\x0b\xcf\x07\x1a\x7f\xaf\xda\x8fx\xc6Zf\x8dEx\
D\xdb\xf1\xb8\xec\xff4\xbd\xde\x008\x99\xb3\xaa\xbf[\
\xbd\xb9\xf1\xf7\xab\xb9\xe3\xbb;x\x1b\xd81\xc8\xbd\xda\
\x8e\xe6\xc0w\xa79\x108\xbd\x876\x9d\xa2\xba\xcd\xaf\
\x07^\x90'\xa3\xec\xd0\x9d\xabK\x1b\xff\xa3]5>\
\xdc\xf4T\x03\xe0t\xeeW\xfdx\xd3\xfb\xf3\xd1\xf7\xae\
9\xe2EM\x1b+\xc1imSs\xe0\xd3\xd6<7\
\xc0\xf6\xba\xa8zN\xd3.{\xa3\xef_\xeb\x8e\x97W\
\xb7[\xdbL\xb1\xf5\xb6\xa59\xf0{\xf2\x08\x0c\xd8\xb9\
\xfbV/m\xfb^\x0d\x5cZ\xdda\x8d\xf3\xc4\x96{\
d\xdb\xd1\x1c\xf8\xca4\x07\x02\xbb\xf3\xa0\xeaU\x8d\xbf\
\x7f\xad\xbb\x088g\x9d\x93\xc4v\xd3\x1c\x08,\xd9c\
\xda\x8e{\xe0\xf1\xf8\xb9\xf4\x04\xb0\x0bwjz\x874\
\xfa\x87\xbbj\x5cS=j\xcds\x03l\xbf\xb3\x9aN\
&\xfc\x93\xc6\xdf\xc7\xd6\x11/\xcd\xabQv\xe1\xcc\xa6\
\xbd\xb6G\xffpW\x8d\x1b\x9b\xfa\x1b\x00v\xebn\xd5\
\x8f\xb6\x1d\xfd\x01\xcf\xcd>\x01\xec\xd2\x93\xda\x8e\xe6\xc0\
\xe74U\xf5\x00\xbb\xf5\xb0\xea\x9d\x8d\xbf\x8f\xad\x1a\xcf\
^\xf7\xc4\xb0\xfd\x1e\xd9\xf48}\xf4\x8fw\xd5\xb8\xb4\
:o\xcds\x03,\xc3\xed\xab\xef\xe8\xe0\xef\x1f\xf0\x8c\
5\xcf\x0b\x0bp\xef\xea\x1d\x8d\xff\xf1\xae\x1a\xef86\
\x16\x80\xbd\xf8\xf3\xd5\x9b\x1a\x7f/\xdbk\x1c\xa9\xbea\
\xdd\x93\xc2\xf6\xdb\xa6\xe6@\xc7h\x02{uf\xd3\xdf\
\xa4\x0f\xea&B7V\x8f]\xf7\xa4\xb0\xfd\xb6i\xe7\
\xc0oY\xf3\xdc\x00\xcb\xf2\xa5\xd5{\x1b\x7f?\xdbK\
\x5cW=`\xfdS\xc2\x12<9\xcd\x81\x00\xe7V/\
l\xfc\xbdl/\xf1\xbe\xeas\xd7?%,\xc1\xa3\xda\
\x8e\xe6\xc0W\xa59\x10X\xcd\xd7W\x1fm\xfc\xfdl\
\xb7\xf1\xc6\xea3f\x98\x0f\x16\xe0\xe2\xb6\xa39\xf0\x9d\
\xc7\xc6\x02\xb0W\x0f\xec`\xbe\x12xY\xf6\x08`\x8f\
\xb6\xa59\xf0\xda4\x07\x02\xab9\xb7\xfa\xd9\xc6\xdf\xcf\
v\x1b\xffj\x8e\xc9`\x19\xb6\xa99\xf0\x9f\xacyn\
\x80e9T=\xbd\xba\xa5\xf1\xf7\xb4\x9d\xc6-\xd5\xe3\
\xe7\x98\x0c\x96\xe3\x9b\xda\x8e\xe6\xc0\xef\xcb\x01\x1a\xc0j\
\xbe\xba\xfa\xb3\xc6\xdf\xcfv\x1aWW\x9f?\xcbL\xb0\
\x18\x0f\xab>\xd4\xf8\x1f\xf3\xaa\xf1\x8b\xd5\xf9k\x9e\x1b\
`Y\x1eX\xfda\xe3\xefg;\x8d77\xedz\x08\
{v\xaf\xea\xed\x8d\xff1\xaf\x1a\xef\xa9\xbep\xcds\
\x03,\xcb\xe7Toi\xfc\xfdl\xa7\xf1\x82y\xa6\x81\
%9\xafzu\xe3\x7f\xcc\xab\xc6\xb5Mg\x84\x03\xec\
\xd5y\xd5k\x1b\x7f?\xdbi|\xc3,\xb3\xc0\xa2\x9c\
\xd9\xf4>}\xf4\x8fy\xd5\xb8\xa9\xfa\xe65\xcf\x0d\xb0\
,gW/n\xfc\xfdl'q}\xceMaM\x9e\
\xd2v4\x07\xda9\x10X\xc5\xe1\xea\x87\x1b\x7f/\xdb\
I\xbc1\xf7;\xd6d[\x9a\x03__\xddu\xcds\
\x03,\xc7\xa1\xea\xbb\x1b\x7f/\xdbI|\xdbLs\xc0\
\x02\xdd;\xcd\x81\x005\x9d(8\xfa^v\xba\xb8\xa5\
z\xc4<\xc3g\x89\xceo{\x9a\x03\x1d\xa9\x09\xac\xe2\
?4\xfe^v\xba\xb8\xa2\xba\xf3\x5c\x13\xc0\xf2lS\
s\xe0\xd3\xd6<7\xc0\xb2\xfc\xf7\xc6\xdf\xcbN\x17/\
\x9cm\xf4,\x96\xe6@\x80zf\xe3\xefc\xa7\x8b\xaf\
\x9am\xf4,\xd6\xc3\x9a\xb6\xa0\x1c\xfd\xe3^54\x07\
\x02{u\xa8zn\xe3\xefc\xb7\x15W5\x1d\xfe\x06\
ku\x9f\xea]\x8d\xff\x81\xaf\x1a\xef\xae\xbe`\xcds\
\x03,\xc3\xe16\x7f\x9f\x80g\xcf6z\x16\xed\xdc\xea\
\x15\x8d\xff\x81\xaf\x1a\xd7WOX\xf3\xdc\x00\xcbpV\
\xd39$\xa3\xefc\xa7\x8a[\xaa\x87\xcc6z\x16\xed\
p\xf5\xac\xc6\xff\xc8W\x8d\x9b\x9b\x8e\x03\x05\xd8\xads\
\xab\xb76\xfe>v\xaaxGu\xcel\xa3g\xf1\xb6\
\xa59\xf0\xb9i\x0e\x04v\xef\xa2\xea\x03\x8d\xbf\x87\x9d\
*\xfe\xe3l#\x87\xa6\x03x\xaem\xfc\x0f}\xd5\xf8\
\xd54\x07\x02\xbb\xf7\xe0\xea\xcf\x1a\x7f\x0f;Y\xdcP\
]<\xdf\xd0\xa1.i;\x9a\x03\xdf\x93\xe6@`\xf7\
\xfeZ\xd3{\xf7\xd1\xf7\xb0\x93\xc5\xcf\xcc8n\xa8\xa6\
\x9d\x03_\xd3\xf8\x1f\xfb\xaa\xa19\x10\xd8\x8bok\xfc\
\xfd\xebTa7Tfwf\x9a\x03\x81e:\xa3\xfa\
\x85\xc6\xdf\xbfN\x16\xbf\xdft\x7f\x86\xd9mKs\xe0\
\xf3\x9a\xce\x06\x07\xd8\x89\xf3\xab\xcb\x1a\x7f\xef:Y|\
\xe3\x8c\xe3\x86O\xf3\xd84\x07\x02\xcb\xf3\x80\xea\xa3\x8d\
\xbfw\xdd:>T\x9d7\xe3\xb8\xe1\xd3\x5c\xd2\xb4\xeb\
\xde\xe8\x1f\xfe\xaaqYN\xd9\x02v\xee\x1f4\xfe\xbe\
u\xb2x\xe6\x9c\x83\x86[\xdb\x86\xe6\xc0\xefZ\xfb\xac\
\x00\xdb\xee'\x1b\x7f\xef\xbau|\xbc\xfa\xdc9\x07\x0d\
\xb7v\x90\x9b\x03/M\xf3\x0c\xb0{\xe7UW6\xfe\
\x1ev\xeb\xf8\x81\x19\xc7\x0c\xa7t\xd0\x9a\x03\xdf\x91w\
f\xc0\xde=\xac\xe9\xab\xa2\xd1\xf7\xb2\x13\xe3\xc6\xea\x1e\
s\x0e\x1aN\xe5\xa04\x07^S\xdd{\xa69\x00\x96\
\xe3\xbf7\xfe~v\xeb\xf8\xe1YG\x0c\xb7a\xd3\x9b\
\x03o\xac\x1e1\xd7\xe0\x81E9\xab\xfa\xbf\x8d\xbf\xaf\
\x9d\x187e\x8b`\x06\xda\xe4\xe6\xc0o\x9aq\xdc\xc0\
\xf2<\xb0\xcd{\xfd\xf9\xc2YG\x0c\xa7qV\xf5\x83\
\x8d\xff\x17\xe1\xc4x\xd6\xac#\x06\x96\xea;\x1a\x7f\x7f\
;1n\xce\xd9'l\x80Mi\x0e|u:\xfe\x81\
y\xdc\xbe\xe9\xc0\xb1\xd1\xf7\xb9\x13\xe3y\xb3\x8e\x18v\
\xe8\xb1\xd5G\x1a\xf7/\xc2;\xd3\xf1\x0f\xcc\xeb\x11\xd5\
\x91\xc6/\xfc\xc7\xe3\x13\xd5g\xcd9`\xd8\xa9/h\
Ls\xe05i\x88\x01\xf6\xc7\x8f6~\xe1?1\xfe\
\xf3\xbc\xc3\x85\x9d\xbb\xa0\xfdm\x0e\xbc\xa9z\xf4\xbe\x8c\
\x0c\xa0\xeeV\xfdI\xe3\x17\xfe\x13\xff\x02t\xc7YG\
\x0c\xbbpf\xf5\xec\xf6\xe7\xc7\xff\xcd\xfb4&\x80\xe3\
\xfee\xe3\x17\xfe\x13\xe3\xa9\xf3\x0e\x17vo\xee\xe6\xc0\
\xef\xdf\xbf\xa1\x00|\xd2\xd9\xd5\xbb\x1a\xbf\xf0\x1f\x8f\xcb\
\xab\xc3\xb3\x8e\x18\xf6\xe0\xaf4Os\xe0k\xd2\xf1\x0f\
\x8c\xf3U\x8d_\xf8O\x8c\xaf\x99w\xb8\xb07\x177\
\xed\xcb\xbf\xae\x1f\xfa{\xab\x0b\xf7u\x04\x00\xff\xbfK\
\x1b\xbf\xf0\x1f\x8fW\xcf<V\xd8\xb3\x0b\xaa\xd7\xb6\xfa\
\x8f\xfc\xba\xea\xbe\xfb\x9c;\xc0\xc9|q\x9b\xf3Y\xe0\
\x91\xea^\xf3\x0e\x17\xf6\xee\xcc\xea{\xdb\xfb\x0f\xfc\xe6\
\xea+\xf7=k\x80S\xfb\x99\xc6/\xfe\xc7\xe3\xbf\xcc\
<VX\xd9^\x9b\x03\xbfeD\xb2\x00\xb7\xe1\xbe\xd5\
-\x8d_\xfc\x8fV\xefOo\x14\x07\xc0\xe3\xda]s\
\xe0\x8f\x8cI\x13\xe0\xb4^\xdc\xf8\xc5\xffx<q\xe6\
\xb1\xc2Z\x5c\xdc\xb4\x85\xef\xe9~\xd0\xafo\xfa\xec\x06\
`\x13\xdd\xa7iS\xb2\xd1\x8b\xff\xd1\xea\xe7g\x1e+\
\xac\xcd]\xaa_\xea\xd4?\xe6\xcb\x8e\xfdo\x006\xd9\
\x0b\x1b\xbf\xf8\x1fm\xea\x95\xfa\x9c\x99\xc7\x0aks\xaa\
\xe6\xc0\xeb\xab\xfb\x0d\xcc\x0b`\xa7\xee\xdf\xe6|\x11\xf0\
/g\x1e+\xac\xddS\xfa\xd4c\xb4[\xaa'\x8cM\
\x07`W^\xd5\xf8\xc5\xffh\xf5;s\x0f\x14\xe6p\
\xbc9\xf0\x9f\x8dN\x04`\x97\x1e\xd7\xf8\xc5\xffx\xdc\
{\xe6\xb1\xc2,\xbc\xbf\x02\x0e\xa2C\xd5\xef6~\xf1\
?Z\xfd\xeb\x99\xc7\x0a\x00\x9c\xe0\xef7~\xf1?Z\
\xbde\xee\x81\x02\x00\x9frv\xf5\xc1\xc6\x17\x00G\xab\
Kf\x1e\xebJ\x1c_\x08\xc06\xb9\xa5\xba[\xf5\x90\
\xd1\x89TWW\xaf\x1b\x9d\x04\x00,\xc5}\xda\x8cO\
\x02\xdf:\xf7@\x01\x80O\xf7\xba\xc6\x17\x00G\xab\xcf\
\x9b{\xa0{u\xc6\xe8\x04\x00`\x06\xcf\x1b\x9d\xc01\
\x8f\x1b\x9d\x00\x00,\xc9\xed\xaak\x1b\xff\x04\xe0\xa7\xe7\
\x1e(\x00\xf0\xe9\x9e\xd3\xf8\x02\xe0\xba\xea\xac\xb9\x07\xba\
\x17^\x01\x00\xb0\xad^2:\x81\xea\xdc\xeaKG'\
q2\x0a\x00\x00\xb6\xd5\xaf4\xed\x090\xda\xe3G'\
p2\x0a\x00\x00\xb6\xd5-\xd5\xcbF'\xd1\x86\x16\x00\
\x00\xb0\xcd\x1e\xde\xf8>\x80#\xd5\x85s\x0f\x14\x00\xf8\
\x943\xaa?j|\x11\xb0q\xc7\xab{\x05\x00\xc06\
;R\xbdbt\x12m\xc6\xd6\xc4\x9fF\x01\x00\xc0\xb6\
\xbbtt\x02\xd5CG'\x00\x00Ks\xa7\xea\x86\xc6\
\xbe\x02\xf8Du\xce\xdc\x03\xdd\x0dO\x00\x00\xd8v\x7f\
Z\xfd\xc6\xe0\x1c\xce\xa9\xbexp\x0e\x9fF\x01\x00\xc0\
\x12\xbcrt\x02m\xd8k\x00\x05\x00\x00K\xb0\x09\x05\
\xc0\x97\x8dN\x00\x00\x96\xe6P\xd3\xae\x80#\xfb\x00\xae\
\x9c{\x90\xbb\xe1\x09\x00\x00Kp\xb4\xfa\xcd\xc19|\
^u\xde\xe0\x1c>I\x01\x00\xc0R\xfc\xfa\xe0\xeb\x1f\
\xaa\xee?8\x87OR\x00\x00\xb0\x14\xa3\x0b\x80R\x00\
\x00\xc0\xbe{S\xd3\xf7\xf8#)\x00\x00`\x9f\xdd\xd0\
T\x04\x8c\xf4\x80\xc1\xd7\xff$\x05\x00\x00K\xf2\x86\xc1\
\xd7\xbf_S/\xc0p\x0a\x00\x00\x96\xe4\xad\x83\xaf\x7f\
n\xf5\xf9\x83s\xa8\x14\x00\x00,\xcb\xef\x8dN\xa0\xba\
\xd7\xe8\x04J\x01\x00\xc0\xb2\xbc\xad\xbayp\x0e\x17\x0d\
\xbe~\xa5\x00\x00`Yn\xa8\xde=8\x87\x8b\x06_\
\xbfR\x00\x00\xb0<\xa3_\x03\xdcc\xf0\xf5+\x05\x00\
\x00\xcb\xf3\xfb\x83\xaf\xaf\x00\x00\x80\x01.\x1f|\xfd\x8b\
\x06_\xbfR\x00\x00\xb0<W\x0e\xbe\xfegU\xb7\x1b\
\x9c\x83\x02\x00\x80\xc5\xb9b\xf0\xf5\x0f\xb5\x01{\x01(\
\x00\x00X\x9a\x0f4\xfeL\x80\xbb\x0d\xbe\xbe\x02\x00\x80\
\xc59Z]58\x87\xbb\x0c\xbe\xbe\x02\x00\x80E\x1a\
\xfd\x1a@\x01\x00\x00\x03\xbc\x7f\xf0\xf5/\x1c|}\x05\
\x00\x00\x8b\xf4\xe1\xc1\xd7\xf7\x04\x00\x00\x06\xb8f\xf0\xf5\
\x15\x00\x000\xc0\xe8\x02\xc0+\x00\x00\x18`t\x01\xe0\
\x09\x00\x00\x0c0\xba\x07\xe0\x0e\x83\xaf\xaf\x00\x00`\x91\
>2\xf8\xfa\xe7\x0c\xbe\xbe\x02\x00\x80E\xbaa\xf0\xf5\
\xcf\x1e|}\x05\x00\x00\x8b\xa4\x00\x18\x9d\x00\x00\x0cp\
\xe3\xe0\xeb{\x05\x00\x00\x03x\x020:\x01\x00\x18`\
t\x010\xfc\x09\xc0\xa1\xd1\x09\x00\xc0\x00\x87\xab\x9b\x07\
^\xff\x96\xea\xcc\x81\xd7\xf7\x04\x00\x00\x96H\x01\x00\xc0\
\x12\x8d~\x04?\xfa\x15\x84\x02\x00\x80ER\x00\x8cN\
\x00\x00\x06\x18]\x00\x8c\xfe\x0cQ\x01\x00\xc0\x22\x8d\xfe\
\x0c\xcf\x13\x00\x00\x18\xc0\x13\x80\xd1\x09\x00\xc0\x00\x0a\x80\
\xd1\x09\x00\xc0\x00\x17\x0c\xbe\xbeW\x00\x000\xc0]\x06\
_\xffc\x83\xaf\xaf\x00\x00`\x91.\x1c|\xfd\x0f\x0f\
\xbe\xbe\x02\x00\x80ER\x00\x8cN\x00\x00\x06\x18\xfd\x0a\
\xe0\x9a\xc1\xd7W\x00\x00\xb0H\x0a\x80\xd1\x09\x00\xc0\x00\
w\x1f|}\x05\x00\x00\x0cp\x8f\xc1\xd7\xd7\x03\x00\x00\
\xfb\xecP\xf5\xf9\x83sP\x00\x00\xc0>\xfb\xac\xeav\
\x83s\xb8z\xf0\xf5\x15\x00\x00,\xceE\x83\xaf\x7f\xb4\
\xfa\x83\xc19(\x00\x00X\x9c\xd1\xef\xff\xdf_}b\
p\x0e\x0a\x00\x00\x16\xe7\x9e\x83\xaf\x7f\xe5\xe0\xebW\x0a\
\x00\x00\x96\xe7\xfe\x83\xaf\x7f\xc5\xe0\xebW\x0a\x00\x00\x96\
G\x01\x90\x02\x00\x80e\xb9]u\xf1\xe0\x1c\xae\x1c|\
\xfdJ\x01\x00\xc0\xb2\xdc\xb7:<8\x07O\x00\x00`\
\x9f\x8d~\xfc_u\xf9\xe8\x04J\x01\x00\xc0\xb2\x8c.\
\x00\xae\xaf\xae\x1a\x9cC\xa5\x00\x00`Y\xfe\xf2\xe0\xeb\
\xbf\xb5i#\xa0\xe1\x14\x00\x00,\xc59\xd5\x17\x0f\xce\
\xe1\xf7\x06_\xff\x93\x14\x00\x00,\xc5_l\xfc\x19\x00\
\x0a\x00\x00\xd8g\x0f\x19\x9d@\xd3+\x80\x8d\xa0\x00\x00\
`)F\x17\x00G\xab\xb7\x0d\xce\x01\x00\x16\xe5P\xf5\
\xa1\xa6ExTl\xc4\xf7\xff\xc7y\x02\x00\xc0\x12<\
\xa0\xba\xeb\xe0\x1c\xde2\xf8\xfa\x9fF\x01\x00\xc0\x12|\
\xc5\xe8\x04\xaa_\x1b\x9d\xc0\x89\x14\x00\x00,\xc1\xe3G\
'P\xfd\xfa\xe8\x04\x00`I\xce\xadnl\xec\xfb\xff\
\x8fUg\xcf=\xd0\xdd\xf0\x04\x00\x80m\xf7\x98\xea\xac\
\xc19\xbc\xb1\xa9\x08\xd9\x18\x0a\x00\x00\xb6\xdd&<\xfe\
\xdf\xa8\xf7\xff\xa5\x00\x00`\xbb\x9dQ=at\x12\xd5\
o\x8eN\x00\x00\x96\xe4\x91\x8d}\xf7\x7f\xb4:R]\
0\xf7@w\xcb\x13\x00\x00\xb6\xd9\xdf\x1c\x9d@\xf5\xe6\
\xea\xda\xd1I\xdc\x9a\x02\x00\x80mu\xb8\xfa\x9a\xd1I\
T\x97\x8eN\xe0d\x14\x00\x00l\xabGUw\x1b\x9d\
D\xf5\xca\xd1\x09\x00\xc0\x92\xfcp\xe3\xdf\xff_\xd7\xf8\
O\x10\x01`1n\xdf\xf4\xde}t\x01\xf0\xd2\xb9\x07\
\xbaW^\x01\x00\xb0\x8d\xbe\xae:\x7ft\x12m\xe8\xfb\
\x7f\x00\xd8V\xafo\xfc\xdf\xfe\x8fV\x7fn\xee\x81\x02\
\x00\x93K\x9a\xbe\xbd\x1f\xbd\xf8o\xd4\xf1\xbf\xb7\xe6\x15\
\x00\x00\xdb\xe6I\xd5\xa1\xd1I\xb4\xc1\xef\xff\x01`\xdb\
\x9c]}\xb0\xf1\x7f\xfb?Z\xddg\xe6\xb1\x02\x00\xc7\
|C\xe3\x17\xfe\xa3\xd5\xff\x9dy\x9c+\xf3\x0a\x00\x80\
m\xf2\xad\xa3\x138\xe6\xa7F'\x00\x00K\xf1\xf8\xc6\
\xff\xcd\xffx\xdck\xe6\xb1\x02\x00\xc7\xbc\xa6\xf1\x0b\xff\
\xd1\xea\x0ds\x0f\x14\x00\x98<\xa0\xcd\xf8\xf4\xefh\xf5\
\xcfg\x1e+\x00p\xcc\x8b\x1a\xbf\xf0\x1f\xadn\xaa>\
{\xe6\xb1\x02\x00M\x9f\xdb\xdd\xdc\xf8\xc5\xffh\xf5\xbf\
g\x1e+\x00p\xccK\x1a\xbf\xf0\x1f\x8f'\xcc<V\
\x00\xa0\xba_uK\xe3\x17\xfe\xa3\xd5\xfb\xaa\xc3\xf3\x0e\
w}\xec\x03\x00\xc0A\xf6_\xda\x9c\xb5\xec\xc7\x9a\x8a\
\x11\x00`F\x0fns:\xff\x8f\xe4\xdb\x7f\x00\xd8\x17\
\xafn\xfc\xc2\x7f<^5\xf3X\x01\x80\xea\xaf7~\
\xd1?1\xfe\xfa\xbc\xc3\x05\x00\xce\xae\xde\xdd\xf8E\xff\
x\xbc\xb7\x03\xd4\xfc\x07\x00\x07\xd5\xbfn\xfc\xa2\x7fb\
\xfc\xe3y\x87\x0b\x00|fu]\xe3\x17\xfd\xe3qM\
\xf5\x19\xb3\x8ex&\x9b\xf2\xe9\x04\x00\xec\xc4wV\xe7\
\x8eN\xe2\x04\xdf_}tt\x12\x00\xb0\xcd\x1e\xd9\xe6\
|\xf6w\xb4\xfaDu\xf7YG\x0c\x00\x0bw\x87\xea\
\xb2\xc6/\xfa'\xc6sf\x1d1\x00\xd03\x1b\xbf\xe0\
\x9f\x187W\x97\xcc:b\x00X\xb8\x075\x1d\xb3;\
z\xd1?1\x9e?\xeb\x88\x01`\xe1\xce\xae\xde\xd2\xf8\
\x05\xff\xc4\xb81\xdb\xfe\x02\xc0\xac\xbe\xa3\xf1\x0b\xfe\xad\
\xe3\xb9\xb3\x8e\x18\x00\x16\xee\xcb\x9b\xde\xb5\x8f^\xf0O\
\x8c\x1b\xaa{\xcc9h\x00X\xb2\xf3\xaa\xab\x1a\xbf\xe0\
\xdf:\xbeo\xceA\x03\xc0\xd2\xbd\xb8\xf1\x8b\xfd\xad\xe3\
\xe3\xd5\xe7\xce9h\x00X\xb2'7~\xb1?Y\xfc\
\x8f9\x07\x0d\x00K\xf6\xa0\xeac\x8d_\xeco\x1d\x1f\
\xac\xee<\xe3\xb8\x01`\xb1.\xa8.o\xfcb\x7f\xb2\
x\xd2\x8c\xe3\x06\x80\xc5:\xa3ze\xe3\x17\xfa\x93\xc5\
\x9b\xab\xc3\xf3\x0d\x1d\x00\x96\xeb\xbf5~\xa1?U<\
|\xc6q\x03\xc0b}m\x9bu\xca\xdf\x89\xf1\xd2\x19\
\xc7\x0d\x00\x8b\xf5%mf\xd3\xdf\xd1\xa6\xcf\xfe.\x9a\
m\xe4\x00\xb0P\xf7\xa8>\xd0\xf8\x85\xfeT\xf1o\xe7\
\x1b:\x00,\xd3\x05\xd5;\x1a\xbf\xc8\x9f*\xde\xdat\
\x10\x11\x00\xb0&gU\xafi\xfc\x22\x7f\xaa\xb8\xa5\xfa\
\xb2\xd9F\x0f\x00\x0bt\xb8\xa9\xb1n\xf4\x22\x7f[\xf1\
=\xb3\x8d\x1e\x00\x16\xe8P\xf5\xbc\xc6/\xf0\xb7\x15W\
Uw\x9ck\x02\x00`\x89\xfeg\xe3\x17\xf8\xd3\xc5\x13\
g\x1b=\x00,\xd0\xb77~q?]<\x7f\xb6\xd1\
\x03\xc0\x02\xfd\xc7\xc6/\xee\xa7\x8b\xcb\xabs\xe7\x9a\x00\
\x00X\x9a\xff\xd4\xf8\xc5\xfdtqK\xb6\xfb\x05\x80\xb5\
8\xd4\xd4M?zq\xdfI<c\x9e)\x00\x80e\
9\x5c\xfdh\xe3\x17\xf6\x9d\xc4o7\xedK\x00\x00\xac\
\xe0\x9c6\xff;\xff\xe3q]u\xcfy\xa6\x01\x00\x96\
\xe3\x82\xeaW\x1a\xbf\xb0\xef4\xfe\xde,\xb3\x00\x00\x0b\
r\x8f6{o\xff[\xc7\x0f\xce3\x0d\x00\xb0\x1c\x7f\
\xa9\xcd>\xd5\xef\xd6\xf1[M\xaf*\x00\x80=\xfa\xda\
\xeac\x8d_\xd4w\x1a\x1f\xac\xfe\xdc,3\x01\x00\x0b\
p\xa8zz\xd37\xf4\xa3\x17\xf5\x9d\xc6\xcd\xd5c\xe7\
\x98\x0c\x00X\x82\xbbT\x976~A\xdfm\xfc\x8b9\
&\x03\x00\x96\xe0\xc1\xd5\x95\x8d_\xccw\x1b/iz\
j\x01\x00\xec\xd2\x93\xab\x8f7~1\xdfm\xbc\xa1\xba\
\xc3\x0c\xf3\x01\x00[\xed\xce\xd5\xffj\xfcB\xbe\x97\xb8\
\xa2\xfa\xcc\xf5O\x09\x00l\xb7GV\x7f\xd8\xf8\x85|\
/q]u\xff\xf5O\x09\x00l\xaf3\x9b\x0e\xc99\
H]\xfe'\xc6\x8d\xd5\xa3\xd7=)\x00\xb0\xcd\xfeB\
\xf5\x96\xc6/\xe2{\x8d#\xd9\xe6\x17\x00v\xec\x0e\xd5\
3\x9b\xbe\x97\x1f\xbd\x88\xaf\x12\xffn\xdd\x13\x03\x00\xdb\
\xea\xe1\xd5\xbb\x1a\xbfx\xaf\x1a\xdf\xb3\xee\x89\x01\x80m\
t\xf7\xea\xf9\x8d_\xb8\xd7\x11?\x94o\xfd\x01\xe06\
\x9dU\xfd\xd3\xa6N\xf9\xd1\x0b\xf7:\xe2\x85\xd5\x19k\
\x9d!\x00\xd82O\xac.k\xfc\xa2\xbd\xae\xf8\xd9\xa6\
\xaf\x16\x00\x80\x93\xf8\x0b\xd5k\x1b\xbf`\xaf3^Y\
\x9d\xbd\xceI\x02\x80m\xf1\x80\xea\xe7\x9a>\x8f\x1b\xbd\
`\xaf{\xf1\xbf\xfd\x1a\xe7\x09\x00\xb6\xc2\x17V/\xe8\
\xe0\x7f\xd6w\xb2\xf8\xf9\xeav\xeb\x9b*\x008\xf8\x1e\
T\xbd\xa8\x83\xbb\x8b\xdf\xe9\xe2\x85y\xe7\x0f\x00\x9f\xf4\
\xd0\xea\xe5m\xdf\xa3\xfe\x13\xe39\xe9\xf6\x07\x80\xce\xae\
\xbe\xbezk\xe3\x17\xe7\xb9\xe3\x99\xf9\xce\x1f\x80\x85\xbb\
\xa4\xfa\xce\xea\x83\x8d_\x98\xe7\x8e#\xd9\xde\x17\x80\x05\
;\xa7\xfa\xba\xea\x17\xdb\xee\xc7\xfc'\xc6\x0d9\xd8\x07\
\x80\x05:\x5c=\xa6z^\xf5\x91\xc6/\xc8\xfb\x19\xd7\
V\x8fXy\x06\x01\xe0\x808\xa3\xa9\xa1\xefY\xd5\xfb\
\x1b\xbf\x10\x8f\x88\xcb\x9b>c\x04\x80\xadvn\xf55\
\xd5s\xab?n\xfc\x02<2\xdeP}\xe6j\xd3\x09\
\x00\x9b\xeb\x81\xd5\xd3\xab_\xaenl\xfc\xc2\xbb\x09\xf1\
\x92\xea\x0e\xabL*\x00l\x923\xab\x077\x9d\xc0\xf7\
\x92\xeaC\x8d_l7)nn*\x86|\xe6\xb7O\
L4\xc0\xfa\xdd\xae\xfa\xa2\xa6=\xf8\xef_}I\xd3\
A<\xe7\x8cLj\x83}\xa8\xfa[MOB\xd8'\
\x0a\x00\x80\xbd\xfb\xec\xea\xa2\xea\x1e\xd5=\xab\xfb5-\
\xf8\x17g\xab\xda\x9dzC\xf57\xaa\xf7\x8dNdi\
\x14\x00\xc0\xd2\xdd\xb1:\xab\xe9s\xbbs\x8f\xfd\xb3;\
T\xe7Ww9\x16w=\xf6\xe7\x85\xd5\xdd\x9b\x16\xfd\
\x8br\x18\xcd\xaa\x9e\xd3\xf4J\xe4\x86\xd1\x89,\xd16\
\x14\x00GG'\x00\xc0\xae\x5c_=\xad\xe9P\x1f\x06\
\xf1\x88\x0a\x80\xfd\xf4\xdb\xd5\xdf\xa9.\x1b\x9d\xc8\xd29\
Q\x09\x80\xfdpK\xf5\x1dM\x1b\x1cY\xfc7\x80'\
\x00\x00\xcc\xed\xaa\xa6\xfd\xfc\x7fut\x22|\x8a'\x00\
\x00\xcc\xe9\x05M\x9fCZ\xfc7\x8c'\x00\x00\xcc\xe1\
\x8f\xab\xa7V?7:\x11N\xce\x13\x00\x00\xd6\xe9H\
\xd3y\x06_\x90\xc5\x7f\xa3y\x02\x00\xc0\xba\xfc~\xf5\
\xe4\xea\xb7F'\xc2\xe9y\x02\x00\xc0\xaa>Q\xfd\xfb\
\xea\x8b\xb3\xf8\x1f\x18\x9e\x00\x00\xb0\x8aW4\xed\xe6w\
\xf9\xe8D\xd8\x1dO\x00\x00\xd8\x8b7W\x8f\xa8\x9e\x98\
\xc5\xff@R\x00\x00\xb0\x1b\xd7T\xdfZ\xfd\xc5\xeau\
\x83sa\x05^\x01\x00\xb0\x13\x9f\xa8\xbe\xb7\xfa\xaf\xd5\
u\x83sa\x0d\x14\x00\x00\xdc\x96\x9b\xaa\x1f\xab\xbe\xad\
\xfa\xa3\xc1\xb9\xb0F\x0a\x00\x00N\xe6\xa6\xea\xc5\xd5\x7f\
\xaa\xde;8\x17f\xa0\x00\x00\xe0DG\xaa\x97U\xff\
\xb6z\xcf\xe0\x5c\x98\x91\x02\x00\x80\x9a\xde\xf1\xbf\xb0\xfa\
\xae\xea]\x83sa\x1f(\x00\x00\x96\xed\xba\xea\xf9M\
G\xf5\xfe\xf1\xe0\x5c\xd8G\x0a\x00\x80e\xba\xbczv\
\xf5\xc3\xd5G\x07\xe7\xc2\x00\x0a\x00\x80\xe58R\xbd\xb6\
\xfa\xa1\xa6\x83z\x8e\x8cM\x87\x91\x14\x00\x00\xdb\xef\xfd\
\xd5\x0b\x9aN\xe9\xb3k\x1f\x95\x02\x00`[\x1d\xa9~\
\xa9i\xd1\xff\xd9\xea\xe6\xb1\xe9\xb0i\x14\x00\x00\xdb\xe5\
\x8d\xd5OU?\x99\xa6>n\x83\x02\x00\xe0\xe0{{\
\xf5\xd2\xea\x7fU\xef\x1e\x9c\x0b\x07\x84\x02\x00\xe0`\xfa\
\xdd\xea\xa7\xab\x97d\xd1g\x0f\x14\x00\x00\x07\xc3G\xab\
_\xae^^]Z\xfd\xc1\xd8t8\xe8\x14\x00\x00\x9b\
\xe9h\xf5\xe6\xa6\xc5\xfe\xd2\xea7\xd3\xc8\xc7\x1a)\x00\
\x006\xc3M\xd5[\xab_\xaf~\xad\xe9o\xfb\x1f\x1e\
\x9a\x11[M\x01\x000\xc6\x95\xd5[\x9a\x16\xfb\xdf\xa8\
\xdeT\xdd82!\x96E\x01\x000\xaf?mj\xd2\
{{\xd3\x22\xff\xb6\xa6\x06\xbe\xabG&\x05\x0a\x00\x80\
\xd5\x1cm\xdai\xef\x8a\xa6\xbf\xd5\x1f\xff\xf3\xca\xea\xbd\
\xc7\xfe\x84\x8d\xa3\x00\x00\x96\xee\xcf\x9a\xde\xbf\x1fi:\
\x19\xaf\xa6\xa3q?~\xec\xcfkN\x88\xab\x9b\xde\xcb\
\x9f\xf8\xdf\xaf:\xf6\xbf\x03\x00\x00\x00\x00\x00\x00\x00\x00\
\x00\x00\x00\x00\x00\x00\x00\x00\x00\x00\x00\x00\x00\x00\x00\x00\
\x00\x00\x00\x00\x00\x00\x00\x00\x00\x00\x00\x00\x00\x00\x00\x00\
\x00\x00\x00\x00\x00\x00\x00\x00\x00\x00\x00\x00\x00\x00\x00\x00\
\x00\x00\x00\x00\x00\x00\x00\x00\x00\x00\x00\x00\x00\x00\x00\x00\
\x00\x00\x00\x00\x00\x00\x00\x00\x00\x00\x00\x00\x00\x00\x00\x00\
\x00\x00\x00\x00\x00\x00\x00\x00\x00\x00\x00\x00\x00\x00\x00\x00\
\x00\x00\x00\x00\x00\x00\x00\xf6\xd1\xff\x037\x91\xa7h0\
]5\x1b\x00\x00\x00\x00IEND\xaeB`\x82\
\x00\x00\x1f\xb8\
\xff\
\xd8\xff\xe0\x00\x10JFIF\x00\x01\x01\x01\x00`\x00\
`\x00\x00\xff\xdb\x00C\x00\x05\x04\x04\x04\x04\x03\x05\x04\
\x04\x04\x06\x05\x05\x06\x08\x0d\x08\x08\x07\x07\x08\x10\x0b\x0c\
\x09\x0d\x13\x10\x14\x13\x12\x10\x12\x12\x14\x17\x1d\x19\x14\x16\
\x1c\x16\x12\x12\x1a#\x1a\x1c\x1e\x1f!!!\x14\x19$\
'$ &\x1d ! \xff\xdb\x00C\x01\x05\x06\x06\
\x08\x07\x08\x0f\x08\x08\x0f \x15\x12\x15     \
                \
                \
             \xff\xc0\x00\
\x11\x08\x01\x18\x013\x03\x01\x22\x00\x02\x11\x01\x03\x11\x01\
\xff\xc4\x00\x1f\x00\x00\x01\x05\x01\x01\x01\x01\x01\x01\x00\x00\
\x00\x00\x00\x00\x00\x00\x01\x02\x03\x04\x05\x06\x07\x08\x09\x0a\
\x0b\xff\xc4\x00\xb5\x10\x00\x02\x01\x03\x03\x02\x04\x03\x05\x05\
\x04\x04\x00\x00\x01}\x01\x02\x03\x00\x04\x11\x05\x12!1\
A\x06\x13Qa\x07\x22q\x142\x81\x91\xa1\x08#B\
\xb1\xc1\x15R\xd1\xf0$3br\x82\x09\x0a\x16\x17\x18\
\x19\x1a%&'()*456789:C\
DEFGHIJSTUVWXYZc\
defghijstuvwxyz\x83\
\x84\x85\x86\x87\x88\x89\x8a\x92\x93\x94\x95\x96\x97\x98\x99\x9a\
\xa2\xa3\xa4\xa5\xa6\xa7\xa8\xa9\xaa\xb2\xb3\xb4\xb5\xb6\xb7\xb8\
\xb9\xba\xc2\xc3\xc4\xc5\xc6\xc7\xc8\xc9\xca\xd2\xd3\xd4\xd5\xd6\
\xd7\xd8\xd9\xda\xe1\xe2\xe3\xe4\xe5\xe6\xe7\xe8\xe9\xea\xf1\xf2\
\xf3\xf4\xf5\xf6\xf7\xf8\xf9\xfa\xff\xc4\x00\x1f\x01\x00\x03\x01\
\x01\x01\x01\x01\x01\x01\x01\x01\x00\x00\x00\x00\x00\x00\x01\x02\
\x03\x04\x05\x06\x07\x08\x09\x0a\x0b\xff\xc4\x00\xb5\x11\x00\x02\
\x01\x02\x04\x04\x03\x04\x07\x05\x04\x04\x00\x01\x02w\x00\x01\
\x02\x03\x11\x04\x05!1\x06\x12AQ\x07aq\x13\x22\
2\x81\x08\x14B\x91\xa1\xb1\xc1\x09#3R\xf0\x15b\
r\xd1\x0a\x16$4\xe1%\xf1\x17\x18\x19\x1a&'(\
)*56789:CDEFGHIJ\
STUVWXYZcdefghij\
stuvwxyz\x82\x83\x84\x85\x86\x87\x88\x89\
\x8a\x92\x93\x94\x95\x96\x97\x98\x99\x9a\xa2\xa3\xa4\xa5\xa6\xa7\
\xa8\xa9\xaa\xb2\xb3\xb4\xb5\xb6\xb7\xb8\xb9\xba\xc2\xc3\xc4\xc5\
\xc6\xc7\xc8\xc9\xca\xd2\xd3\xd4\xd5\xd6\xd7\xd8\xd9\xda\xe2\xe3\
\xe4\xe5\xe6\xe7\xe8\xe9\xea\xf2\xf3\xf4\xf5\xf6\xf7\xf8\xf9\xfa\
\xff\xda\x00\x0c\x03\x01\x00\x02\x11\x03\x11\x00?\x00\xfb\x0e\
\x8a(\xaa$(\xa2\x8a\x00(\xa2\x8a\x00(\xa2\x8a\x00\
(\xa2\x8a\x00(\xa2\x8a\x00(\xa2\x8a\x00(\xa2\x8a\x00\
(\xa2\x8a\x00(\xa2\x8a\x00(\xa2\x8a\x00(\xa2\x8a\x00\
(\xa2\x8a\x00(\xa2\x8a\x00(\xa2\x8a\x00(\xa2\x8a\x00\
(\xa2\x8a\x00(\xa2\x8a\x00(\xa2\x8a\x00(\xa2\x8a\x00\
(\xa2\x8a\x00(\xa2\x8a\x00(\xa2\x8a\x00(\xa2\x8a\x00\
(\xa2\x8a\x00(\xa2\x8a\x00(\xa2\x8a\x00(\xa2\x8a\x00\
(\xa2\x8a\x00(\xa2\x8a\x00(\xa2\x8a\x00(\xa2\x8a\x00\
(\xa2\x8a\x00(\xa2\x8a\x00(\xa2\x8a\x00(\xa2\x8a\x00\
(\xa2\x8a\x00(\xa2\x8a\x00(\xa2\x8a\x00(\xa2\x8a\x00\
(\xa2\x8a\x00(\xa2\x8a\x00(\xa2\x8a\x00(\xa2\x8a\x00\
(\xa2\x8a\x00(\xa2\x8a\x00(\xa2\x8a\x00(\xa2\x8a\x00\
+\xcc\xbe/\xfcf\xf0\xe7\xc2?\x0f\xad\xc6\xa1\x9b\xed\
f\xed[\xec:lm\x86\x94\x8f\xe2c\xfc\x08\x0fS\
\xf9\x03\xcdwz\xfe\xb9\xa6\xf8g\xc3\x9a\x87\x885\x8b\
\x81\x05\x86\x9f\x0bO3\xfa*\x8c\xe0z\x93\xd0\x0e\xe4\
\x8a\xfc\xac\xf8\x87\xe3}S\xe2'\x8f\xb5?\x15j\xac\
w\xddH|\x98\x89\xc8\x82\x11\xf7#\x1e\xc0~g'\
\xbd!\x9dG\x8c\x7fh\x0f\x8a\xbe3\xbei\xae\xbcU\
w\xa5\xdbd\xec\xb4\xd2\xa4kX\xd4z\x1d\x87s\x7f\
\xc0\x89\xaeN\xcf\xe2\x1f\x8f\xb4\xf9\xc4\xf6>6\xd7m\
\xe4\x0d\xbb1\xea3\x0c\x9f\x7f\x9b\x9f\xc6\xb9\x8a)\x0c\
\xfa\xdf\xe1\x0f\xedo\xabA\xaa[h_\x14\x1d.\xec\
%\x225\xd6#\x8c$\xb0\x1e\x80\xca\xab\xc3/\xa9\x00\
\x11\xd7\xe6\xaf\xb5\xe3\x929\xa2Ibu\x927\x01\x95\
\x94\xe40=\x085\xf8\xe3_p\xfe\xc8\x7f\x15_W\
\xd1g\xf8k\xad\xdd\x97\xbd\xd3\x93\xce\xd3\x1aC\x92\xf6\
\xff\x00\xc5\x16\x7f\xd88 \x7ft\xfa-1\x1fW\xd1\
E\x14\xc4\x14QE\x00\x14QE\x00\x14QE\x00\x14\
QE\x00\x14QE\x00\x14QE\x00\x14QE\x00\x14\
QE\x00\x14QE\x00\x14QE\x00\x14QE\x00\x14\
QE\x00\x14QE\x00\x14QE\x00\x14QE\x00\x14\
Q\x5cg\xc5\x0f\x1fX\xfc5\xf8q\xa9\xf8\xaa\xf7k\
\xc9\x02yv\xb07\xfc\xb7\x9d\xb8D\xfag\x93\xe8\x01\
4\x01\xf3\x17\xed\x85\xf1In.m\xfe\x17\xe8\xf7\x19\
\x8e\x02\xb7Z\xab#\x02\x0b\xf5\x8e\x13\xf4\xfb\xe7\xdc\xaf\
\xa5|\x7fWumV\xff\x00\x5c\xd6\xafu\x9dR\xe1\
\xaeo\xaffi\xe7\x95\xceK\xbb\x1c\x93T\xaaJ\x1f\
\x14R\xcf2C\x0cm,\xb20TD\x19f'\x80\
\x00\x1dMz_\xc5o\x83~ \xf8S\x0f\x87\xa6\xd5\
\x9b\xcf\x8bV\xb3Y\x1d\xd0|\xb0\x5c\x0ed\x84\x9fQ\
\x91\x83\xdf\x9fJ\xf4\xbf\xd9+\xe1i\xf17\x8d_\xc7\
\xba\xb5\xae\xed'A\x90\x0bP\xeb\xf2\xcdw\x8c\x8c\x7f\
\xd70C}J{\xd7\xd7\xbf\x16>\x1e\xd9\xfcM\xf8\
k\xa9x^\xe3b\x5c\xba\xf9\xd6S\xb0\xff\x00Qp\
\xa0\xeco\xa1\xc9S\xec\xc6\x98\x8f\xca\x9a\xd9\xf0\xb7\x89\
5?\x07\xf8\xb7L\xf16\x8f/\x95}\xa7N\xb3F\
{6:\xa9\xf6# \xfb\x13T5\x1d>\xf7I\xd5\
n\xf4\xbdJ\xd9\xedol\xe5h'\x86A\x86\x8d\xd4\
\xe1\x94\xfb\x82\x0dU\xa43\xf5\xbf\xc1>.\xd2\xfcw\
\xe0\x9d/\xc5Z;\x86\xb5\xbf\x84I\xb3vLO\xd1\
\xe3ou`A\xfaWC_\x08\xfe\xc8\xdf\x14\x8e\x81\
\xe2\xc9~\x1d\xea\xf7\x18\xd3u\xa7\xf3,K\x93\x88\xae\
\xb1\xf7G\xa0p1\xfe\xf2\xaf\xad}\xddLAE\x14\
S\x10QE\x14\x00QE\x14\x00QE\x14\x00QE\
\x14\x00QE\x14\x00QE\x14\x00QE\x14\x00QE\
\x14\x00QE\x14\x00QE\x14\x00QE\x14\x00QE\
\x14\x00QE\x14\x00QE\x14\x00W\xe7\x97\xedM\xf1\
K\xfe\x13\x7f\x88\xa7\xc3:]\xc6\xfd\x0f\xc3\xce\xd0\xa9\
C\x95\x9e\xe7\xa4\x8f\x91\xd4\x0f\xba>\x8c{\xd7\xd5?\
\xb4W\xc5\x01\xf0\xdb\xe1|\xeb\xa7\xdc\x08\xf5\xfdcu\
\xa5\x80\x07\xe6\x8f#\xe7\x9b\xfe\x02\x0f\x1f\xed2\xd7\xe6\
\xa31f,\xc4\x92y$\xf7\xa41+W\xc3\x9e\x1f\
\xd5<U\xe2};\xc3\x9a,\x1e~\xa1\xa8\xce\xb0B\
\x84\xe0d\x9e\xa4\xf6\x00d\x93\xd8\x02k*\xbe\xd7\xfd\
\x8f\xbe\x16\xfd\x8fN\xb8\xf8\xa1\xac[\xe2{\xb0\xd6\xba\
R\xb8\xc1H\xb3\x89%\xff\x00\x81\x11\xb4\x1f@\xdd\x9a\
\x90\xcf\xa4\xfc\x05\xe0\xdd3\xe1\xff\x00\x80\xf4\xaf\x09\xe9\
+\x98,b\x0a\xf2\xed\xc3M!\xe5\xe4>\xec\xc4\x9f\
\xd3\xb5t\xd4QTI\xf1/\xed\x81\xf0\xb7\xec\x1a\xb5\
\xbf\xc4\xed\x1e\xdc\x0b[\xd6[mQP}\xc9\xb1\x88\
\xe5\xc7\xa3\x01\xb4\x9fU^\xed_$\xd7\xeb\xcf\x89\xbc\
;\xa5\xf8\xb7\xc2\xba\x97\x86\xf5\x98|\xeb\x0dF\x06\x82\
U\x1d@=\x18z\x10pA\xec@\xaf\xca\xaf\x1c\xf8\
?T\xf0\x0f\x8euO\x09\xea\xeb\xfe\x93a1A \
R\x16d<\xa4\x8b\xec\xcaA\xfci\x0c\xc0\xb7\xb8\x9e\
\xd2\xea\x1b\xabYZ\x19\xe1q$r!\xc3#\x03\x90\
A\xf5\x06\xbfP~\x09|J\x87\xe2\x87\xc2\xfb\x1dq\
\xdd\x06\xabo\xfe\x8b\xa8\xc4\xb8\x1bgP2\xd8\xec\x18\
a\x87\xd4\x8e\xd5\xf9s^\xcb\xfb:|P?\x0d\xbe\
(@\xba\x85\xc1\x8f@\xd66\xda_\x86?,y?\
$\xdf\xf0\x12y\xff\x00e\x9a\x90\xcf\xd2\xba)\x03\x06\
P\xcaA\x07\x90GzZ\xa2B\x8a(\xa0\x02\x8a(\
\xa0\x02\x8a(\xa0\x02\x8a(\xa0\x02\x8a(\xa0\x02\x8a(\
\xa0\x02\x8a(\xa0\x02\x8a(\xa0\x02\x8a(\xa0\x02\x8a(\
\xa0\x02\x8a(\xa0\x02\x8a(\xa0\x02\x8a(\xa0\x02\xa3\xb8\
\xb8\x82\xd2\xd6[\xab\x99V\x18!C$\x929\xc2\xa2\
\x81\x92I\xf4\x02\xa4\xaf\x97\xbfk\x9f\x8aC@\xf0\x94\
\x7f\x0f4\x9b\x8cjZ\xd2o\xbd(Fb\xb5\xcf\xdd\
>\x85\xc8\xc7\xfb\xaa\xde\xb4\x86|\xb7\xf1\xb7\xe2T\xdf\
\x14>(_kq\xbb\x8d*\xdf\xfd\x17N\x89\xb26\
\xc0\xa4\xe1\xb1\xd8\xb1\xcb\x1f\xa8\x1d\xab\xcd(\xa2\x90\xce\
\xe3\xe1O\xc3\xfb\xdf\x89\x9f\x12t\xcf\x0bZ\xef\x8e\x09\
\x1b\xce\xbc\x9dG\xfa\x8bu\xc6\xf7\xfa\xf2\x00\xff\x00i\
\x85~\xa6\xe9\xbam\x8e\x8f\xa4\xdai:e\xb2Z\xd8\
\xd9\xc2\xb0A\x0cc\x0b\x1a(\xc2\xa8\xfa\x01^\x1d\xfb\
/|.\xff\x00\x84\x13\xe1\xaa\xeb\xda\xa5\xb7\x97\xafx\
\x85R\xe2P\xeb\xf3A\x063\x14|\xf2\x0e\x0e\xe6\x1e\
\xa4\x03\xf7k\xdf)\x88(\xa2\x8ab\x0a\xf9\x8b\xf6\xb8\
\xf8Z<G\xe0\xe8\xfe i6\xd9\xd544+x\
\x10s5\xa6rI\xff\x00\xaed\x93\xfe\xeb7\xa0\xaf\
\xa7i\x93C\x0d\xc4\x12[\xdcD\x93C*\x94x\xdd\
C+\xa9\x18 \x83\xd4\x11Hg\xe3\x95\x15\xe9\xbf\x1c\
>\x1aM\xf0\xbf\xe2\x85\xee\x8d\x14o\xfd\x91u\xfe\x97\
\xa6\xc8y\xcc,O\xc8OvC\x95?@{\x8a\xf3\
*C?C\xbfe\x9f\x8a_\xf0\x9b\xfc9\x1e\x1a\xd5\
.\x0b\xeb\x9e\x1eU\x85\x8b\x9c\xb4\xf6\xdd#|\x9e\xa4\
ci\xfa\x03\xde\xbe\x82\xaf\xca?\x85\xfe>\xbe\xf8k\
\xf1\x1fL\xf1U\x9e\xe7\x8e\x07\xf2\xee\xa0_\xf9o\x03\
p\xe9\xf5\xc7#\xdc\x03_\xa9\xfaN\xaba\xaeh\xb6\
Z\xce\x97p\xb767\xb0\xac\xf0J\x87!\xd1\x86A\
\xa6\x22\xed\x14QLAE\x14P\x01E\x14P\x01E\
\x14P\x01E\x14P\x01E\x14P\x01E\x14P\x01E\
\x14P\x01E\x14P\x01E\x14P\x01E\x14P\x01E\
\x14P\x01E\x14P\x06?\x8a|I\xa6xC\xc2Z\
\x9f\x89\xb5\x89|\xab\x1d:\x06\x9aC\xdc\xe3\xa2\x8fr\
p\x07\xb9\x15\xf9S\xe3o\x17j\x9e;\xf1\xbe\xa9\xe2\
\xada\xc9\xba\xbf\x98\xbe\xcd\xd9\x11'D\x8d}\x95@\
\x03\xe9_H~\xd7\xff\x00\x14\xbf\xb4\xb5\xbb\x7f\x86z\
=\xcem4\xf6\x17\x1a\x93!\xe1\xe7#)\x1f\x07\xa2\
\x83\x92=X\x7fv\xbeM\xa40\xafk\xfd\x9b\xfe\x16\
\x9f\x88\xff\x00\x13\xa2\xb8\xd4\xad\xbc\xcf\x0f\xe8\x9bn\xaf\
w\x0c\xac\xad\x9f\xdd\xc3\xff\x00\x02 \x93\xfe\xca\xb7\xa8\
\xaf\x1a\xb5\xb5\xb8\xbe\xbd\x82\xca\xce\x17\x9e\xe6\xe2E\x8a\
(\x90e\x9d\xd8\xe0(\x1d\xc9'\x15\xfa\x8b\xf0g\xe1\
\xbd\xbf\xc2\xff\x00\x86\x1a\x7f\x87\xf6\xa3jR\x0f\xb4\xea\
3.\x0f\x99p\xc0n\x00\xf7U\xe1G\xb2\xe7\xb9\xa4\
3\xd1h\xa2\xb8\x8f\x8b\x1e8\xff\x00\x85w\xf0\xab\x5c\
\xf1bF\xb2\x5c\xda\xc4\x12\xd9\x1b\xa3L\xec\x113\xec\
\x0b\x02}\x81\xaa$\xa1\xf1\x0b\xe3_\xc3\xdf\x86s-\
\x9f\x89u\x82u\x16P\xe2\xc2\xd2?:}\xa7\xa3\x10\
8Pq\xc6\xe23\x5c\x16\x97\xfb_|#\xd4o\x92\
\xd6\xe0\xebZR3\x05\xf3\xef,\xd7\xcb\x1c\xf5>[\
\xb9\x03\xf0\xaf\xcf\xddKR\xbf\xd65[\xadWT\xbb\
\x96\xf2\xfa\xeeF\x9ay\xe5m\xcd#\x93\x92I\xaa\x94\
\x86~\xc2iz\xa6\x9b\xad\xe9V\xda\xb6\x91}\x05\xfd\
\x85\xd2y\x90\xdc@\xe1\xd2E\xf5\x04U\xca\xf8/\xf6\
E\xf8\x97\x7f\xa2x\xf8|=\xbc\x99\xa4\xd25\xbd\xf2\
[\xa3\x1e \xb9T\xdd\xb8q\xd1\x956\x91\xea\x17\xdf\
?zP\x07\x8f\xfe\xd0\xff\x00\x0b\xff\x00\xe1f|.\
\x9e;\x0b\x7f3_\xd27^i\xd8\x19i\x0e>x\
G\xfb\xe0\x00?\xda\x0b_\x9a\x0c\xac\xacU\x81\x04p\
A\xea+\xf6>\xbf=\xbfj\x9f\x85\xbf\xf0\x85|C\
\x1e*\xd2m\xf6h~!f\x97\x080\xb0]u\x91\
=\x83}\xf1\xf5`>\xed\x00|\xf1_h\xfe\xc7\xbf\
\x14\x9a\xe2\xda\xe3\xe1~\xb1pL\x90\x06\xba\xd2\x99\xc9\
$\xa7Y!\x1fO\xbe=\x8bzW\xc5\xd5\xa7\xa0k\
\xba\x97\x86|G\xa7\xf8\x83G\x9c\xc1\x7f\xa7\xcc\xb3\xc2\
\xfd\x83)\xce\x0f\xa8=\x08\xee\x09\xa43\xf5\xf6\x8a\xe5\
\xbe\x1fx\xd7M\xf8\x85\xe0\x0d+\xc5\x9aa\x02;\xd8\
\x81\x92,\xe4\xc1(\xe1\xe3>\xe1\xb3\xf5\x18=\xeb\xa9\
\xaa$(\xa2\x8a\x00(\xa2\x8a\x00(\xa2\x8a\x00(\xa2\
\x8a\x00(\xa2\x8a\x00(\xa2\x8a\x00(\xa2\x8a\x00(\xa2\
\x8a\x00(\xa2\x8a\x00(\xa2\x8a\x00(\xa2\x8a\x00+\x82\
\xf8\xbb\xf1\x12\xcf\xe1\x8f\xc3MG\xc4\x9325\xe6\xdf\
\x22\xc6\x06?\xeb\xae\x18\x1d\xa3\xe89c\xec\xa6\xbb\xda\
\xfc\xe4\xfd\xa6\xbe)\x7f\xc2\xc1\xf8\x96\xfaV\x99q\xbf\
@\xd0K[[\xed'l\xd2\xe7\x12K\xef\xc8\xda\x0f\
\xa2\xe7\xbd!\x9e'}}y\xa9\xeaW:\x96\xa1p\
\xf77wR\xb4\xd3J\xe7-#\xb1\xcb1\xfa\x93U\
\xa8\xad\xcf\x08\xf8_T\xf1\xa7\x8c\xb4\xbf\x0bh\xd1\xef\
\xbe\xd4g\x10\xa6z \xea\xce}\x95Ac\xec\x0d!\
\x9fF~\xc8\x7f\x0b\x7f\xb6\xbcM7\xc4\x8db\xdf6\
\x1aC\x18t\xf5q\xc4\xb7$r\xfe\xe1\x14\xff\x00\xdf\
L\x0fU\xaf\xba+\x07\xc1\xde\x15\xd2\xfc\x11\xe0\xcd/\
\xc2\xba4{,\xb4\xe8DJq\x83#ugo\xf6\
\x99\x89c\xeeMoS\x10W\x8b~\xd4zd\x9a\x97\
\xec\xe5\xe2\x06\x8b%\xec\xde\xde\xe7\x03\xb8\x13(o\xc8\
1?\x85{Mr\xbf\x11\xf4\x7f\xf8H>\x15x\xab\
F\x0b\xb9\xee\xf4\xbb\x98\xe3\x1f\xed\x98\xdbi\xff\x00\xbe\
\xb1L\x0f\xc9\x9a(\xa2\xa4g\xaf\xfe\xcd:l\x9a\x9f\
\xed\x1b\xe1e\x5c\xec\xb6y\xae\x5c\x8e\xc1!r?\x5c\
\x0f\xc6\xbfLk\xe0\xdf\xd8\xbbH\xfbW\xc5moX\
u\xcaXif5>\x8f$\x89\x8f\xfcu\x1e\xbe\xf2\
\xa6 \xae;\xe2g\x80\xf4\xff\x00\x89\x1f\x0e\xb5O\x09\
\xdf\xedF\xb9\x8f}\xb4\xe4\x7f\xa8\x9dy\x8d\xfe\x80\xf5\
\xc7U$w\xae\xc6\x8ab?\x1fu\x8d'P\xd0u\
\xcb\xdd\x17U\xb7kk\xeb\x19\x9e\xdex\x9b\xaa:\x9c\
\x11Tk\xecO\xdb\x0b\xe1o\x97-\xbf\xc5-\x1e\xdb\
\x0a\xfb-5`\x83\xa3}\xd8\xa6?^#?D\xf5\
5\xf1\xddIG\xd2\x7f\xb2w\xc5/\xf8E<r\xfe\
\x09\xd5\xeevh\xfa\xfb\x81\x01v\xc2\xc3w\xd1O\xfc\
\x0ca~\xbbk\xef\xda\xfcr\x8eI!\x95&\x86F\
\x8eD`\xca\xeapT\x8e\x84\x1e\xc6\xbfN>\x02\xfc\
N\x8f\xe2\x7f\xc2\xfb]B\xe6@u\xad?\x16\x9a\x92\
w2\x01\xc4\x9fG\x1c\xfdw\x0e\xd4\xc4z\xad\x14Q\
LAE\x14P\x01E\x14P\x01E\x14P\x01E\x14\
P\x01E\x14P\x01E\x14P\x01E\x14P\x01E\x14\
P\x01E\x14P\x01E\x15\x05\xed\xed\xae\x9b\xa7\xdc\xea\
\x17\xd3\xad\xbd\xa5\xb4m4\xd2\xb9\xc2\xa2(\xcb1\xf6\
\x00\x1a\x00\xf1O\xda_\xe2\x97\xfc+\xdf\x86\x8f\xa6\xe9\
\x97\x1b5\xfdt5\xad\xb6\xd27C\x16?y/\xe0\
\x0e\xd0}X\x1e\xd5\xf9\xc3^\x81\xf1\x7f\xe25\xe7\xc4\
\xff\x00\x89z\x87\x88\xe5g[\x10~\xcfa\x03\x1f\xf5\
V\xeaN\xd1\x8e\xc4\xf2\xc7\xdd\x8dy\xfdIA_r\
\xfe\xc8?\x0b\x7f\xb1\xfc9?\xc4\xadb\xdfm\xf6\xac\
\xa6\x0d9\x5cs\x1d\xb0o\x9aL\x1e\x85\xd8q\xfe\xca\
\x828j\xf9w\xe0\xdf\xc3\x8b\xaf\x8a\x1f\x13\xb4\xef\x0e\
\xaa\xba\xe9\xe8~\xd3\xa8L\xbf\xf2\xca\xddH\xdd\xcfb\
\xc7\x08=\xd8\x1e\x80\xd7\xea5\x9d\xa5\xae\x9faoa\
e\x02[\xda\xdbF\xb0\xc3\x14c\x0b\x1a(\xc2\xa8\x1d\
\x80\x00\x0ab'\xa2\x8a)\x88( 0*\xc3 \xf0\
A\xefE\x14\x01\xf9\x11\xe2\xcd$\xe8\x1e6\xd7t2\
\xa5\x7f\xb3\xaf\xe7\xb5\xc1\xed\xb2F_\xe9X\xd5\xeb\x7f\
\xb4\x8e\x8eto\xda+\xc5Q\x05\xc4wSGx\x87\
\xd7\xcc\x8d]\x8f\xfd\xf4[\xf2\xaf$\xa9(\xfb\x83\xf6\
%\xd1\xfc\x9f\x06x\xb3^)\x8f\xb5\xdfEh\x1b\x1d\
|\xa8\xcb\x1f\xfd\x1d_XW\x88\xfe\xca\xfa9\xd2\x7f\
gm\x16f]\xb2j3\x5c^0\xfa\xc8Q\x7f\xf1\
\xd4Z\xf6\xeab\x0a(\xa2\x98\x8c\xedwD\xd3|I\
\xe1\xddC@\xd6-\xc5\xc5\x86\xa1\x03\xdb\xcf\x19\xee\xac\
0q\xe8GP{\x10\x0d~V|E\xf0F\xa5\xf0\
\xef\xe2\x0e\xab\xe1-K,\xf6r\xfe\xe6l`O\x0b\
s\x1c\x83\xea\xa4g\xd0\xe4u\x15\xfa\xc9_8~\xd6\
\x1f\x0b\x7f\xe1.\xf0\x0a\xf8\xd3I\xb7\xdf\xac\xf8z2\
\xd2\x85\x19i\xed3\x97\x1fT9q\xed\xbf\xb9\x14\x86\
~\x7fW\xac|\x03\xf8\x9e\xff\x00\x0c>(Z\xde\xdd\
JF\x89\xa8\xe2\xd3Q^\xc22~Y>\xa8y\xfa\
n\x1d\xeb\xc9\xe8\xa43\xf6:9#\x96$\x96'Y\
#p\x19YNC\x03\xd0\x83N\xaf\x9b\xff\x00d\xff\
\x00\x8aG\xc5\xde\x04\x7f\x06j\xf7;\xf5\x8f\x0f\xa2\xac\
%\xdb-=\xa7D?\xf0\x03\xf2\x1fm\xb5\xf4\x851\
\x05\x14QLAE\x14P\x01E\x14P\x01E\x14P\
\x01E\x14P\x01E\x14P\x01E\x14P\x01E\x14P\
\x01E\x14P\x01_(~\xd7\xdf\x14\xbf\xb2\xf4\x1b\x7f\
\x86\xba=\xce/5%\x17\x1a\x93!\xe68\x01\xf9#\
\xeb\xc1r2\x7f\xd9_\xf6\xab\xe8\xff\x00\x1ax\xb7K\
\xf0/\x82\xb5O\x15k2\x05\xb4\xb0\x84\xc9\xb782\
\xb7E\x8d}\xd9\x88\x03\xeb_\x95>+\xf1.\xa7\xe3\
\x1f\x17j~'\xd6%\xf3/u\x19\xdai=\x17=\
\x14{(\xc0\x1e\xc0R\x19\x8bE\x15\xef?\xb3\x0f\xc2\
\xdf\xf8O\xbe%\xa6\xb5\xaa[y\x9a\x07\x87\xd9.f\
\x0c>Y\xe7\xceb\x8b\xdcdna\xc8\xc2\xe0\xfd\xea\
C>\xa9\xfd\x9a\xfe\x16\xff\x00\xc2\xb9\xf8c\x15\xe6\xa5\
o\xe5\xf8\x83]\x0buy\xb8|\xd0\xa6?u\x0f\xe0\
\x0eH\xfe\xf30\xec+\xdb\xa8\xa2\xa8AE\x14P \
\xa2\x8a(\x03\xe0\xcf\xdbCG\x16\x9f\x15\xf4]a\x17\
\x0b\xa8ia\x18\xfa\xbcr0?\xf8\xeb%|\xc5_\
\xa8_\x19\xfe\x0f\xe9\x7f\x17\xbc)\x06\x9fqvt\xfd\
R\xc5\xda[\x1b\xd0\xbb\xc4e\x80\x0c\xac\xb9\x19V\xc0\
\xcfq\x80}\x8f\x84x\x0f\xf65\xbb\xd3\xbcWo\xa9\
x\xeb\xc4\x16\x17\xdae\xac\x82Ae`\xb2\x13s\x83\
\x90\xae\xcc\x17j\xfa\x81\x9fL\xf7\xa43\xe9\x9f\x86\xba\
8\xd0>\x13\xf8SG\xdb\xb5\xadt\xbbtq\xfe\xdf\
\x96\x0b\x7f\xe3\xc4\xd7YGA\x81\xc0\xa2\x98\x82\x8a(\
\xa0\x02\x91\xd1$\x8d\xa3\x91C\xa3\x02\xac\xac2\x08\xf4\
4\xb4P\x07\xe6G\xc7\xef\x86\x0f\xf0\xc3\xe2\x8d\xd5\x9d\
\x9c%t-K7\x9akc\x85B~h\xbe\xa8\xc7\
\x1e\xbbv\x93\xd6\xbc\x9a\xbfO><\xfc1\x8f\xe2\x87\
\xc2\xeb\xbd6\xda%:\xdd\x86o4\xd78\x04\xca\x07\
1\xe7\xd1\xd7+\xe9\x9d\xa4\xfd\xda\xfc\xc5\x929\x22\x95\
\xe2\x95\x1a9\x10\x95ea\x82\xa4u\x04T\x94u?\
\x0f<m\xa9|<\xf8\x81\xa5x\xb3M$\xbd\x9c\xbf\
\xbd\x8b8\x13\xc4xx\xcf\xd5s\xf48=\xab\xf5S\
A\xd6\xf4\xdf\x12xv\xc3_\xd2.\x05\xc5\x85\xfc+\
<2\x0e\xea\xc3<\xfa\x11\xd0\x8e\xc4\x1a\xfc\x80\xaf\xb0\
\xbfc\xdf\x8aK\x0c\xf7\x1f\x0b\xb5\x8b\x9c$\xa5\xae\xb4\
\x96v\xe8\xdde\x84}~\xf8\xfa7\xad1\x1fgQ\
E\x14\xc4\x14QE\x00\x14QE\x00\x14QE\x00\x14\
QE\x00\x14QE\x00\x14QE\x00\x14QE\x00\x14\
Q^o\xf1\xab\xe2T\x1f\x0b\xfe\x18_k\xaa\xe8u\
I\xff\x00\xd1t\xe8\x9b\x07|\xec\x0e\x1b\x1d\xc2\x8c\xb1\
\xfac\xbd\x00|\xb7\xfb]|R\xfe\xde\xf1T_\x0e\
\xb4\x8b\x8c\xe9\xda3\xf9\x97\xcc\x84\xe2[\xa28S\xea\
\x10\x1f\xfb\xe9\x8f\xa5|\xb7R\xdc\xdc\xdc^]\xcdw\
u3Mq;\xb4\x92H\xe7,\xecNI'\xd4\x93\
QT\x94Z\xd3\xec/5]R\xd3K\xd3\xad\xde\xe6\
\xf6\xf2d\xb7\x82\x14\xe5\xa4\x91\x98*\xa8\xf7$\x81_\
\xa9\x9f\x09\xbe\x1e\xd9|1\xf8i\xa6\xf8^\xdbc\xdd\
(\xf3\xef\xa7A\xfe\xbe\xe1\x80\xde\xdfA\x80\xa3\xfd\x95\
Z\xf9\x7f\xf6>\xf8[\xf6\xfdZ\xe3\xe2~\xb1m\x9b\
k\x16k]-\x5cp\xf3\x11\x89%\x1e\xca\x0e\xd0y\
\x19f\xee\xb5\xf6\xd51\x05\x14QLAE\x14P\x01\
E\x15\x15\xcd\xc4\x16v\x93]\xddJ\xb0\xdb\xc0\x8d$\
\x929\xc2\xa2\x81\x92I\xf4\x02\x80%\xa2\xbe\x12\xf8\xad\
\xfbZ\xf8\x9bW\xd5\xaet\xaf\x86\xf3\x7fch\xd11\
\x8do\xda0\xd77_\xed\x0d\xc0\x88\xd4\xf6\xc0\xdd\x8e\
I\x1d\x07\x98\xe8\xdf\xb4?\xc6-\x17R[\xd8\xfcm\
{z\x01\xcbA}\x89\xe3q\xe8C\x0e?\x02\x0d!\
\x9f\xa7tW\x90\xfc\x0f\xf8\xdd\xa6\xfc^\xd0'\x12\xdb\
\xa6\x9d\xe2\x1b\x0c}\xb2\xc9X\x95*zK\x19<\x95\
=0y\x07\x83\xd8\x9f^\xa6 \xa2\x8a(\x00\xa2\x8a\
(\x00\xaf\x81?kO\x85\xbf\xf0\x8a\xf8\xe5<u\xa4\
\xdb\xed\xd2<C!\xfb@Q\xf2\xc3y\x82\xcd\xff\x00\
\x7f\x00/\xf5\x0f\xed_}\xd7/\xf1\x03\xc1zg\xc4\
/\x00\xea\xbe\x13\xd5@Xob\xc4sm\xc9\x82Q\
\xcaH=\xd5\x80>\xe3#\xa1\xa43\xf2^\xafh\xfa\
\xb6\xa1\xa0\xeb\x96Z\xd6\x95p\xd6\xd7\xd63,\xf0J\
\xa7\x05]NA\xa9\xbcA\xa0\xea~\x17\xf1.\xa3\xe1\
\xddf\xdc\xdb\xea\x1a|\xedo2v\xdc\xa7\x19\x07\xb8\
=A\xee\x08=\xeb.\x90\xcf\xd5\xef\x86>=\xb0\xf8\
\x93\xf0\xebL\xf1]\x8e\xd4{\x84\xd9s\x00\xff\x00\x96\
\x13\xaf\x0e\x9f\x9f#\xd4\x10{\xd7e_\x9e\x9f\xb2\xbf\
\xc5/\xf8B~!\xff\x00\xc2/\xaa\x5c\x04\xd0\xfcB\
\xeb\x16\x5c\x80\xb0\x5c\xf4\x8d\xf2z\x06\xfb\xa7\xea\xa7\xb5\
~\x85\xd3\x10QE\x14\xc4\x14QE\x00\x14QE\x00\
\x14QE\x00\x14QE\x00\x14QE\x00\x14QE\x00\
\x04\x85\x04\x93\x80;\x9a\xfc\xd6\xfd\xa3~(\xb7\xc4\x8f\
\x89\xf3\xc5\xa7\xdc\x194\x0d\x18\xb5\xa5\x88S\xf2\xcas\
\xfb\xc9\xbf\xe0Dq\xfe\xca\xad}S\xfbR|R\xff\
\x00\x84\x1f\xe1\xc3xsK\xb9\xf2\xf5\xdf\x10+@\x85\
\x0e\x1a\x0b~\x92I\xc1\xe0\x9c\xed\x1fR{W\xe7}\
!\x85t~\x07\xf0~\xa9\xe3\xdf\x1c\xe9^\x13\xd1\xd7\
\xfd'P\x98Fd#+\x0a\x0e^F\xf6U\x04\x9f\
\xa6:\xd79_y\xfe\xc8\xff\x00\x0b\x7f\xe1\x1b\xf0t\
\xbf\x105{m\xba\xa6\xbb\x18[0\xe3\x98l\xf3\x90\
\x7f\xed\xa1\x01\xbf\xddT#\xa9\xa43\xe8\x7f\x0c\xf8w\
K\xf0\x97\x85t\xdf\x0dh\xb0y:~\x9d\x02\xc1\x0a\
\xf7 uc\xea\xc4\xe4\x93\xdc\x92kZ\x8a*\x89\x0a\
(\xa2\x80\x0a(\xa2\x80\x0a\xf1o\xda\x8bV\xbc\xd2\x7f\
gm{\xecLQ\xaf\x1e\x0bI\x1cu\x11\xbc\x83w\
\xe6\x01_\xf8\x15{Mr\xbf\x11|\x1bk\xf1\x03\xe1\
\xce\xb5\xe1\x1b\xa7\x11\x0dB\x0d\xb1\xcaF|\xb9T\x86\
\x8d\xbf\x06U?L\xd03\xf2f\x8a\xda\xf1G\x85\xb5\
\xef\x06x\x92\xef\xc3\xde$\xd3\xe4\xb0\xd4-[kF\
\xe3\x86\x1d\x99OFS\xd9\x87\x06\xb1jFz\xff\x00\
\xec\xd5\xab^i_\xb4O\x86>\xc8\xc7m\xe3\xc9i\
2\x0e\x8f\x1bF\xd9\x07\xe8B\xb7\xfc\x04W\xe9\x8d|\
O\xfb#\xfc$\xd4\xa5\xf1\x02\xfcQ\xd6\xed\x1a\xde\xc2\
\xd9\x1e--d\x5c4\xf22\xedi@#\xee\x05,\
\x01\xeeI\xc7\xdd\xaf\xb6)\x88(\xa2\x8ab\x0a(\xa2\
\x80\x0a(\xa2\x80>A\xfd\xb0\xbe\x16\xfd\xa2\xca\xdb\xe2\
\x96\x8fo\xfb\xeb}\xb6\xba\xb2\xa0\xfb\xc9\xd2)\x8f\xd0\
\xfc\x84\xfa\x14\xec\xa6\xbe-\xaf\xd8]SM\xb0\xd6\xb4\
\x8b\xcd#T\xb5K\xab\x1b\xd8^\x09\xe1\x7f\xbb\x220\
\xc3)\xfa\x83_\x95\xff\x00\x14\xbc\x01\x7f\xf0\xcf\xe2>\
\xa7\xe1[\xdd\xf2E\x0by\x96w\x0c1\xf6\x8bv\xcf\
\x96\xfe\x99\xc7\x07\x1c\x06V\x1d\xa9\x0c\xe2\xd5\x99X2\
\xb1V\x07 \x8e\x085\xfa[\xfb;\xfcP\x1f\x12\xbe\
\x17\xc0o\xee\x04\x9a\xfe\x91\xb6\xd2\xfc\x13\xf3I\x81\xf2\
M\xff\x00\x03\x03\x9f\xf6\x83W\xe6\x8dzg\xc1\x0f\x89\
S|0\xf8\xa1c\xadK#\xff\x00d\xdc\xff\x00\xa2\
\xeaQ.N\xe8X\x8f\x9b\x1d\xca\x9c0\xfa\x11\xde\x90\
\xcf\xd4J*;y\xe1\xba\xb6\x8a\xea\xdaU\x96\x09\x90\
I\x1c\x88r\xae\xa4d\x10}\x08\xa9*\x89\x0a(\xa2\
\x80\x0a(\xa2\x80\x0a(\xa2\x80\x0a(\xa2\x80\x0a(\xa2\
\x80\x0a\xa7\xaa\xea\x96\x1a&\x8dy\xacj\x97)mc\
e\x0bO<\xaep\x11\x14d\x9f\xc8U\xca\xf9;\xf6\
\xc8\xf8\x876\x99\xa0i\x9f\x0f4\xdb\x9d\x92\xea\x83\xed\
z\x80S\x83\xe4+b4<\xf4g\x0cO\xfb\x82\x90\
\xcf\x95~)x\xfa\xf7\xe2W\xc4\x8dO\xc5W{\x92\
\x19\x9f\xcb\xb4\x81\x8f\xfa\x88\x17\x84O\xae9>\xe4\xd7\
\x15E/S\x81\xc9\xa43\xd3>\x07\xfc3\x9b\xe2\x97\
\xc4\xfb-\x16Tq\xa3\xda\xff\x00\xa5\xeaR\xaeF\xd8\
\x14\x8f\x90\x1e\xcc\xe4\x85\x1d\xc6I\xfe\x13_\xa8\x10\xc3\
\x0d\xbd\xbcv\xf6\xf1$0\xc4\xa1\x124P\xaa\x8a\x06\
\x00\x00t\x00v\xaf!\xfd\x9e>\x16\x8f\x86_\x0b\xe0\
K\xfbq\x1f\x885\x8d\xb7z\x89#\xe6\x8c\xe3\xe4\x84\
\xff\x00\xb8\x09\xcf\xfbL\xf8\xe0\xd7\xb0\xd3\x10QE\x14\
\xc4\x14QE\x00\x14QE\x00\x14QE\x00s>.\
\xf0\x07\x83|yb\xb6~.\xf0\xf5\xa6\xab\x1a}\xc6\
\x91J\xc9\x1f\xfb\xb2)\x0c\xbf\x81\x15\xc6h\xbf\xb3\x87\
\xc1\x9d\x07RMF\xcf\xc1p\xcf<m\xb9>\xd9q\
5\xc2/9\xfb\x929S\xd3\xb85\xeb4R\x18\xd8\
\xe3H\xa3X\xa2ED@\x15UF\x02\x81\xd0\x01N\
\xa2\x8ab\x0a(\xa2\x80\x0a(\xa2\x80\x0a(\xa2\x80\x0a\
\xf9\xff\x00\xf6\xa4\xf8[\xff\x00\x09\xd7\xc3\x83\xe2=*\
\xdf~\xbb\xe1\xd5y\xd0 \xf9\xa7\xb6\xc6e\x8f\xdc\x8c\
o^\xbd\x18\x0eZ\xbe\x80\xa2\x81\x9f\x8d\xf4W\xb3\xfe\
\xd1\xbf\x0b\x7f\xe1Z|O\x95\xf4\xdb\x7f/\xc3\xfa\xd6\
\xeb\xbb\x0d\xa3\x0b\x11\xcf\xef!\x1f\xee\x120?\xba\xc9\
\xdf5\xe3\x15#>\xf1\xfd\x91\xfe)/\x88|!'\
\xc3\xddZ\xe3:\x9e\x88\x9b\xec\xcb\x91\x99\xads\x8d\xa3\
\xd4\xa18\xff\x00t\xaf\xa5}?_\x92~\x05\xf1~\
\xa7\xe0?\x1di^*\xd2d+qa0vL\xe0\
K\x19\xe1\xe3>\xcc\xa4\x8f\xc6\xbfW\xf4\x9dR\xcf[\
\xd1,u\x8d:Q5\x9d\xf4\x09q\x0b\x8f\xe2GP\
\xca\x7f#LE\xda(\xa2\x98\x82\x8a(\xa0\x02\x8a(\
\xa0\x02\x8a(\xa0\x02\x8a(\xa0\x02\xbf8\xff\x00k\x0b\
\x9b\x89\xff\x00h\xcd^)\x94\x84\xb7\xb5\xb5\x8e\x13\xea\
\xa6\x15l\xff\x00\xdfL\xd5\xfa9_\x14~\xd9\xde\x04\
\xbb\x8b]\xd2>!\xd9\xdb\xee\xb3\x9e\x15\xd3\xef\x19A\
;$R\xcd\x1b7\xfb\xcaJ\xe7\xfd\x80;\xd2\x19\xf2\
5w?\x0a5\xcf\x06xg\xe2N\x9d\xe2/\x1c\xd9\
\xea\x17\xdan\x9a~\xd1\x15\xb5\x8cI#K:\x91\xe5\
\xee\x0e\xe8\x02\x83\xf3u9*\x060N8j)\x0c\
\xfb\xeb\xfe\x1bG\xe1o\xfd\x00|U\xff\x00\x80\xb6\xff\
\x00\xfc~\x8f\xf8m\x1f\x85\xbf\xf4\x01\xf1W\xfe\x02\xdb\
\xff\x00\xf1\xfa\xf8\x16\x8a`}\xf5\xff\x00\x0d\xa3\xf0\xb7\
\xfe\x80>*\xff\x00\xc0[\x7f\xfe?G\xfc6\x8f\xc2\
\xdf\xfa\x00\xf8\xab\xff\x00\x01m\xff\x00\xf8\xfd|\x0bE\
\x00}\xf5\xff\x00\x0d\xa3\xf0\xb7\xfe\x80>*\xff\x00\xc0\
[\x7f\xfe?G\xfc6\x8f\xc2\xdf\xfa\x00\xf8\xab\xff\x00\
\x01m\xff\x00\xf8\xfd|\x0bE\x00}\xf5\xff\x00\x0d\xa3\
\xf0\xb7\xfe\x80>*\xff\x00\xc0[\x7f\xfe?G\xfc6\
\x8f\xc2\xdf\xfa\x00\xf8\xab\xff\x00\x01m\xff\x00\xf8\xfd|\
\x0bE\x00}\xf5\xff\x00\x0d\xa3\xf0\xb7\xfe\x80>*\xff\
\x00\xc0[\x7f\xfe?G\xfc6\x8f\xc2\xdf\xfa\x00\xf8\xab\
\xff\x00\x01m\xff\x00\xf8\xfd|\x0bE\x00}\xf5\xff\x00\
\x0d\xa3\xf0\xb7\xfe\x80>*\xff\x00\xc0[\x7f\xfe?G\
\xfc6\x8f\xc2\xdf\xfa\x00\xf8\xab\xff\x00\x01m\xff\x00\xf8\
\xfd|\x0bE\x00}\xf5\xff\x00\x0d\xa3\xf0\xb7\xfe\x80>\
*\xff\x00\xc0[\x7f\xfe?G\xfc6\x8f\xc2\xdf\xfa\x00\
\xf8\xab\xff\x00\x01m\xff\x00\xf8\xfd|\x0bE\x00}\xf5\
\xff\x00\x0d\xa3\xf0\xb7\xfe\x80>*\xff\x00\xc0[\x7f\xfe\
?G\xfc6\x8f\xc2\xdf\xfa\x00\xf8\xab\xff\x00\x01m\xff\
\x00\xf8\xfd|\x0bE\x00}\xf5\xff\x00\x0d\xa3\xf0\xb7\xfe\
\x80>*\xff\x00\xc0[\x7f\xfe?G\xfc6\x8f\xc2\xdf\
\xfa\x00\xf8\xab\xff\x00\x01m\xff\x00\xf8\xfd|\x0bE\x00\
}\xf5\xff\x00\x0d\xa3\xf0\xb7\xfe\x80>*\xff\x00\xc0[\
\x7f\xfe?G\xfc6\x8f\xc2\xdf\xfa\x00\xf8\xab\xff\x00\x01\
m\xff\x00\xf8\xfd|\x0bE\x00}\xf5\xff\x00\x0d\xa3\xf0\
\xb7\xfe\x80>*\xff\x00\xc0[\x7f\xfe?G\xfc6\x8f\
\xc2\xdf\xfa\x00\xf8\xab\xff\x00\x01m\xff\x00\xf8\xfd|\x0b\
E\x00}m\xf1\x93\xf6\x85\xf8G\xf1W\xe1\xb5\xe7\x87\
[C\xf1$\x1a\x94g\xed\x1au\xcc\xb6\xb6\xfba\x9d\
A\xc6\xe2''k\x02U\xb88\x078$\x0a\xf9&\
\x8a)\x00W\xe9\xdf\xec\xebqqu\xfb9\xf8:K\
\xa5+ \xb5x\xc0?\xdcY\x9dS\xff\x00\x1d\x02\xbf\
54]\x1bQ\xf1\x0e\xbdc\xa1\xe9\x16\xcds\x7f}\
2\xc1\x0cJ2Y\x98\xe0~\x1d\xc9\xec+\xf5\x87\xc1\
~\x1c\x87\xc2\x1e\x03\xd0\xfc/\x03+.\x99g\x15\xb1\
u\xe8\xec\xaa\x037\xe2\xd9?\x8d1\x1b\xf4QE1\
\x05\x14Q@\x05\x14Q@\x05\x14Q@\x05\x14Q@\
\x05gk\x9a\x1e\x93\xe2]\x02\xf7A\xd7lc\xbe\xd3\
o\xa20\xcf\x04\x99\xc3\xa9\xf7\x1c\x82:\x82\x08 \x80\
A\x04V\x8d\x14\x01\xf0'\xc5\x0f\xd97\xc5\xfe\x1b\xbe\
\xb8\xd4|\x07\x1b\xf8\x8fEf,\x96\xe1\x87\xda\xe0\x1e\
\x85x\x12}W\x9fj\xf0\x9b\x8f\x05x\xca\xd6S\x15\
\xd7\x84\xb5\x98$\x07\x05d\xb0\x95H\xfc\x0a\xd7\xeb\x8d\
\x14\x86~D\x7f\xc2)\xe2\x9f\xfa\x16\xb5_\xfc\x03\x93\
\xff\x00\x89\xa3\xfe\x11O\x14\xff\x00\xd0\xb5\xaa\xff\x00\xe0\
\x1c\x9f\xfcM~\xbb\xd1@\x1f\x91\x1f\xf0\x8ax\xa7\xfe\
\x85\xadW\xff\x00\x00\xe4\xff\x00\xe2h\xff\x00\x84S\xc5\
?\xf4-j\xbf\xf8\x07'\xff\x00\x13_\xae\xf4P\x07\
\xe4G\xfc\x22\x9e)\xff\x00\xa1kU\xff\x00\xc09?\
\xf8\x9a?\xe1\x14\xf1O\xfd\x0bZ\xaf\xfe\x01\xc9\xff\x00\
\xc4\xd7\xeb\xbd\x14\x01\xf9\x11\xff\x00\x08\xa7\x8a\x7f\xe8Z\
\xd5\x7f\xf0\x0eO\xfe&\x8f\xf8E<S\xff\x00B\xd6\
\xab\xff\x00\x80r\x7f\xf15\xfa\xefE\x00~D\x7f\xc2\
)\xe2\x9f\xfa\x16\xb5_\xfc\x03\x93\xff\x00\x89\xa3\xfe\x11\
O\x14\xff\x00\xd0\xb5\xaa\xff\x00\xe0\x1c\x9f\xfcM~\xbb\
\xd1@\x1f\x91\x1f\xf0\x8ax\xa7\xfe\x85\xadW\xff\x00\x00\
\xe4\xff\x00\xe2h\xff\x00\x84S\xc5?\xf4-j\xbf\xf8\
\x07'\xff\x00\x13_\xae\xf4P\x07\xe4G\xfc\x22\x9e)\
\xff\x00\xa1kU\xff\x00\xc09?\xf8\x9a?\xe1\x14\xf1\
O\xfd\x0bZ\xaf\xfe\x01\xc9\xff\x00\xc4\xd7\xeb\xbd\x14\x01\
\xf9\x11\xff\x00\x08\xa7\x8a\x7f\xe8Z\xd5\x7f\xf0\x0eO\xfe\
&\x8f\xf8E<S\xff\x00B\xd6\xab\xff\x00\x80r\x7f\
\xf15\xfa\xefE\x00~D\x7f\xc2)\xe2\x9f\xfa\x16\xb5\
_\xfc\x03\x93\xff\x00\x89\xa3\xfe\x11O\x14\xff\x00\xd0\xb5\
\xaa\xff\x00\xe0\x1c\x9f\xfcM~\xbb\xd1@\x1f\x91\x1f\xf0\
\x8ax\xa7\xfe\x85\xadW\xff\x00\x00\xe4\xff\x00\xe2h\xff\
\x00\x84S\xc5?\xf4-j\xbf\xf8\x07'\xff\x00\x13_\
\xae\xf4P\x07\xe4G\xfc\x22\x9e)\xff\x00\xa1kU\xff\
\x00\xc09?\xf8\x9a?\xe1\x14\xf1O\xfd\x0bZ\xaf\xfe\
\x01\xc9\xff\x00\xc4\xd7\xeb\xbd\x14\x01\xf9\x11\xff\x00\x08\x9f\
\x8a\x7f\xe8Z\xd5\x7f\xf0\x0eO\xfe&\xba\x8f\x0b\xfc\x16\
\xf8\xa1\xe2\xfb\xe5\xb6\xd2|\x1b\xa8\xc6\x84\x80\xd7\x17\x90\
\xb5\xb4)\xee]\xc0\x07\xe82}\xab\xf5>\x8a\x00\xf0\
\xdf\x81\xbf\xb3\xde\x93\xf0\xa1_\x5c\xd5.SV\xf1L\
\xf1\x98\x8d\xca\x02!\xb5C\xd5\x22\x07\x9c\x9e\xeey\xc7\
\x00\x00N\xefr\xa2\x8a`\x14QE\x02\x0a(\xa2\x80\
\x0a(\xa2\x80\x0a(\xa2\x80\x0a(\xa2\x80\x0a(\xa2\x80\
\x0a(\xa2\x80\x0a(\xa2\x80\x0a(\xa2\x80\x0a(\xa2\x80\
\x0a(\xa2\x80\x0a(\xa2\x80\x0a(\xa2\x80\x0a(\xa2\x80\
\x0a(\xa2\x80\x0a(\xa2\x80\x0a(\xa2\x80\x0a(\xa2\x80\
\x0a(\xa2\x80\x0a(\xa2\x80\x0a(\xa2\x80\x0a(\xa2\x80\
\x0a(\xa2\x80\x0a(\xa2\x80\x0a(\xa2\x80\x0a(\xa2\x80\
\x0a(\xa2\x80\x0a(\xa2\x80\x0a(\xa2\x80\x0a(\xa2\x80\
\x0a(\xa2\x80\x0a(\xa2\x80\x0a(\xa2\x80\x0a(\xa2\x80\
\x0a(\xa2\x80\x0a(\xa2\x80\x0a(\xa2\x80\x0a(\xa2\x80\
\x0a(\xa2\x80\x0a(\xa2\x80\x0a(\xa2\x80\x0a(\xa2\x80\
\x0a(\xa2\x80\x0a(\xa2\x80\x0a(\xa2\x80\x0a(\xa2\x80\
\x0a(\xa2\x80\x0a(\xa2\x80\x0a(\xa2\x80\x0a(\xa2\x80\
\x0a(\xa2\x80\x0a(\xa2\x80\x0a(\xa2\x80\x0a(\xa2\x80\
\x0a(\xa2\x80\x0a(\xa2\x80\x0a(\xa2\x80\x0a(\xa2\x80\
\x0a(\xa2\x80\x0a(\xa2\x80\x0a(\xa2\x80\x0a(\xa2\x80\
\x0a(\xa2\x80?\xff\xd9\
\x00\x00\x02s\
\x89\
PNG\x0d\x0a\x1a\x0a\x00\x00\x00\x0dIHDR\x00\
\x00\x00 \x00\x00\x00 \x08\x06\x00\x00\x00szz\xf4\
\x00\x00\x00\x04sBIT\x08\x08\x08\x08|\x08d\x88\
\x00\x00\x00\x09pHYs\x00\x00\x00\xf6\x00\x00\x00\xf6\
\x01kH\xaa\x9b\x00\x00\x00\x19tEXtSof\
tware\x00www.inksca\
pe.org\x9b\xee<\x1a\x00\x00\x01\xf0ID\
ATX\x85\xed\x97\xbdJ\x03Q\x10\x85\xbfQ\xb1\x8a\
\x10l\xad\xfc--,\xec\x02\x82\xaf`\xa7 Z\x89\
U\x10|\x01\x8b A\xabh\xa9XZ\x08B\xb0Q\
\xb0\xf1\x09\x02*\xa8\x88\xd8Xi\xd4\x22 Ap,\
vV67\x9be\xb3&F\xc1\x0b\x07\x92\x99;g\
\xce\xee=\x19nDU\xe9\xe4\xea\xeah\xf7\xdf \xa0\
'i\xa1\x88\x8c\x03\xf3\xf6uOU\xcf\x9d\xfc\x0c0\
\x17\x08}\x00k\xaaZ\xaa!R\xd5\xa6\x01,\x02U\
@\x0dU`\xc1\xd9\xb3\x1f\xc8\xfb\xc8\xba\x5cM\x1d\x81\
\x88t\x89\xc8&\xb0\x03\xf4\x06R\xbd\xc0\xae\x88\xe4E\
\xa4)\xce\xd8\x9bE\xa4\x0f(\x02+\x81\xf0\xb3\xc1_\
\xab\xc0\xa1\x88\xa4b+\x88\xf9\xca\x07\x81\x0bj_\xe7\
\x150b\xb8rr%\xe0\x8c\x18G\x10\xa7y\x06x\
t\x88\x8e\x8140iH[\xccm\xf8=\x01\xd4\x9b\
M\x81\x02\xd0\x0d\xcc\x02o\x86Y\x8b\x15Z\x22\x00\xcf\
\x1b\x1bN\xf1;\xb0d\xb9\xf5\x10\xf2u\xcb-\xd9\xde\
d\x02\x80>\xe0\xc8)|\x06\xa6-W\x8cx\xc2\xa2\
\xed\x99\xb6\x9a\xe6\x04D\x98m\x14\x18\x0a\xc9\x85\xe1\xc2\
\xf6\x8e\x86\x98\xf3\x12\x18\x0c\x15\xd0\xc0l'f\xb0)\
\xe0)Fs\x1fOV\x936\x8e`\xee\x11\xc8\xd4\x08\
\x00\x16\xa87\xdb\x16\xde\xa8\x8e:\xd3(\xf8\x9e\xe91\
\xae`\xeekr\x02\xe4B\x0a\x97\xadp;Ac\x17\
\xdb\xc6\xb5\x1c\xf2 9\xf0\x86\x86k\xb6~\xe0\xb4\x05\
\xcd}\x9c\x1a\xa7k\xce\x12\xc00P\x06\xae\x811\xc3\
m\x0b\x9b\xfb\xb8\xc53\xe6\x98\xf5*\x03\xc3\xbe\x07\x06\
\x80\x94}\xce\xb6\xa1\xb9\x8f\xac\xf5H\x01\x03\xaa\xea\xdd\
\x07T\xf5\x81\x1f\x5c\xaaZ\x01*\xf0\x0bnDI\x05\
\xe4\xf1\x86V\x10\xf9$DI\xafd/\xaaz\x1f\x0c\
\x88\xc8K\x12\xa2?{\x04\xff\x02\xda*\xe0\xb5\x8d\xfd\
\xea\xb8\xc3~\x05\x07\xc0\x04\xde\xc8l\xb4\xee\x1a\xc4\x8e\
#jn\x8c\xbbf\xc9\xff\x9f\xd3N\x0b\xf8\x04m\x15\
<\xa7:7\x10S\x00\x00\x00\x00IEND\xaeB\
`\x82\
"

qt_resource_name = b"\
\x00\x09\
\x09j\x86g\
\x00a\
\x00r\x00r\x00o\x00w\x00.\x00p\x00n\x00g\
\x00\x07\
\x09\x01W\x87\
\x00b\
\x00i\x00n\x00.\x00p\x00n\x00g\
\x00\x0b\
\x07\x06\xad\xe7\
\x00s\
\x00i\x00g\x00n\x00a\x00l\x002\x00.\x00j\x00p\x00g\
\x00\x0a\
\x0c\x9eN'\
\x00r\
\x00e\x00t\x00u\x00r\x00n\x00.\x00p\x00n\x00g\
\x00\x0a\
\x04pn\xa7\
\x00s\
\x00i\x00g\x00n\x00a\x00l\x00.\x00j\x00p\x00g\
\x00\x08\
\x068Z\xa7\
\x00h\
\x00o\x00m\x00e\x00.\x00p\x00n\x00g\
"

qt_resource_struct = b"\
\x00\x00\x00\x00\x00\x02\x00\x00\x00\x06\x00\x00\x00\x01\
\x00\x00\x00\x00\x00\x00\x00\x00\
\x00\x00\x00b\x00\x00\x00\x00\x00\x01\x00\x00\xb9\x89\
\x00\x00\x01\x9d\xc9\xca\xdcV\
\x00\x00\x00|\x00\x00\x00\x00\x00\x01\x00\x00\xd9E\
\x00\x00\x01\x89D\x0fX\x82\
\x00\x00\x00,\x00\x00\x00\x00\x00\x01\x00\x00\x94p\
\x00\x00\x01\x9d\xc9\xcd\xbam\
\x00\x00\x00\x18\x00\x00\x00\x00\x00\x01\x00\x00F\x81\
\x00\x00\x01\x9e\x01\x11\xa8\xa7\
\x00\x00\x00\x00\x00\x00\x00\x00\x00\x01\x00\x00\x00\x00\
\x00\x00\x01\x9d\xe4\x18Ui\
\x00\x00\x00H\x00\x00\x00\x00\x00\x01\x00\x00\x9b\xa5\
\x00\x00\x01\x9d\xe4\x17\xfb\x12\
"

def qInitResources():
    QtCore.qRegisterResourceData(0x03, qt_resource_struct, qt_resource_name, qt_resource_data)

def qCleanupResources():
    QtCore.qUnregisterResourceData(0x03, qt_resource_struct, qt_resource_name, qt_resource_data)

qInitResources()
